rank,net_worth,full_name,age,gender,country_of_citizenship,business_category,self_made,wealth_status
1,211,Bernard Arnault & family,74,1,14,3,0,3
2,180,Elon Musk,51,1,28,10,1,1
3,114,Jeff Bezos,59,1,28,1,1,1
4,107,Larry Ellison,78,1,28,1,1,3
5,106,Warren Buffett,92,1,28,0,1,1
6,104,Bill Gates,67,1,28,1,1,1
7,94,Michael Bloomberg,81,1,28,9,1,3
8,93,Carlos Slim Helu & family,83,1,2,16,1,3
9,83,Mukesh Ambani,65,1,26,6,0,1
10,80,Steve Ballmer,67,1,28,1,1,1
11,80,Francoise Bettencourt Meyers & family,69,0,14,3,0,3
12,79,Larry Page,50,1,28,1,1,1
13,77,Amancio Ortega,87,1,8,3,1,3
14,76,Sergey Brin,49,1,28,1,1,1
15,68,Zhong Shanshan,68,1,27,5,1,3
16,64,Mark Zuckerberg,38,1,28,1,1,1
17,59,Charles Koch,87,1,28,6,0,1
17,59,Julia Koch & family,60,0,28,6,0,1
19,58,Jim Walton,74,1,28,3,0,1
20,57,Rob Walton,78,1,28,3,0,1
21,56,Alice Walton,73,0,28,3,0,1
22,54,David Thomson & family,65,1,22,9,0,3
23,50,Michael Dell,58,1,28,1,1,1
24,47,Gautam Adani,60,1,26,6,1,1
25,45,Phil Knight & family,85,1,28,3,1,1
26,45,Zhang Yiming,39,1,27,1,1,1
27,42,Dieter Schwarz,83,1,25,3,0,1
28,40,François Pinault & family,86,1,14,3,1,1
29,39,Klaus-Michael Kuehne,85,1,25,14,0,3
30,38,Giovanni Ferrero,58,1,21,5,0,3
31,38,Jacqueline Mars,83,0,28,5,0,3
31,38,John Mars,87,1,28,5,0,3
34,35,Ma Huateng,51,1,27,1,1,1
35,35,Miriam Adelson & family,77,0,28,17,0,3
35,35,Ken Griffin,54,1,28,0,1,3
38,33,Robin Zeng,54,1,23,10,1,1
39,32,Tadashi Yanai & family,74,1,13,3,1,3
40,32,Len Blavatnik,65,1,28,6,1,1
41,31,Alain Wertheimer,74,1,14,3,0,3
41,31,Gerard Wertheimer,72,1,14,3,0,3
45,30,Colin Zheng Huang,43,1,27,1,1,3
46,29,Reinhold Wuerth & family,87,1,25,2,1,3
47,29,Lee Shau Kee,95,1,23,7,1,1
48,28,Jeff Yass,64,1,28,0,1,3
49,28,Jim Simons,84,1,28,0,1,1
50,27,Stephen Schwarzman,76,1,28,0,1,1
51,27,Susanne Klatten,60,0,25,10,0,3
52,27,Gina Rinehart,69,0,17,11,0,1
53,26,William Lei Ding,51,1,27,1,1,3
54,26,Germán Larrea Mota Velasco & family,69,1,2,11,0,1
55,25,Shiv Nadar,77,1,26,1,1,1
56,25,Low Tuck Kwong,74,1,6,8,1,3
57,25,Thomas Peterffy,78,1,28,0,1,3
58,25,Andrey Melnichenko & family,51,1,24,11,1,3
59,24,Stefan Quandt,56,1,25,10,0,3
60,24,MacKenzie Scott,52,0,28,1,0,1
61,24,R. Budi Hartono,82,1,6,0,0,3
62,23,Vladimir Potanin,62,1,24,11,1,3
63,23,Jack Ma,58,1,27,1,1,3
64,23,He Xiangjian & family,80,1,27,2,1,1
65,23,Iris Fontbona & family,80,0,0,11,0,3
65,23,Michael Hartono,83,1,6,2,0,3
67,22,James Ratcliffe,70,1,19,2,1,3
68,22,Cyrus Poonawalla,81,1,26,4,0,1
69,22,Masayoshi Son,65,1,13,16,1,3
70,22,Vladimir Lisin,66,1,24,11,1,3
71,22,Emmanuel Besnier,52,1,14,5,0,1
72,21,Abigail Johnson,61,0,28,0,0,3
72,21,Leonid Mikhelson & family,67,1,24,8,1,3
74,21,Lukas Walton,36,1,28,3,0,3
74,21,Wang Wei,52,1,27,12,1,1
76,21,Jensen Huang,60,1,28,1,1,3
77,21,Leonard Lauder,90,1,28,3,0,1
77,21,Takemitsu Takizaki,77,1,13,2,1,1
79,20,Alexey Mordashov & family,57,1,24,11,1,3
80,20,Vagit Alekperov,72,1,24,8,1,3
81,20,"Thomas Frist, Jr. & family",84,1,28,4,1,1
82,19,Andrew Forrest,61,1,17,11,1,3
83,19,Ray Dalio,73,1,28,0,1,1
84,19,Li Eric,59,1,27,10,1,1
84,19,Wang Wenyin,55,1,27,11,1,3
86,18,Eyal Ofer,72,1,12,6,0,3
86,18,Qin Yinglin,57,1,27,5,1,1
88,18,Wang Chuanfu,57,1,27,10,1,1
89,18,Harold Hamm & family,77,1,28,8,1,3
89,18,David Tepper,65,1,28,0,1,3
89,18,Gennady Timchenko,70,1,24,8,1,3
92,18,Daniel Gilbert,61,1,28,0,1,1
93,17,Lakshmi Mittal,72,1,26,11,0,1
94,17,Steve Cohen,66,1,28,0,1,3
94,17,Carl Icahn,87,1,28,0,1,3
94,17,Savitri Jindal & family,73,0,26,11,0,1
97,17,Donald Bren,90,1,28,7,1,3
97,17,"John Menard, Jr.",83,1,28,3,1,3
99,17,Rupert Murdoch & family,92,1,28,9,0,1
100,16,Vicky Safra & family,70,0,20,0,0,3
101,16,"Theo Albrecht, Jr. & family",72,1,25,3,0,1
101,16,Renata Kellnerova & family,55,0,0,0,0,1
103,16,Li Xiting,72,1,7,4,1,1
104,16,Stefan Persson,75,1,15,3,0,1
104,16,Eric Schmidt,67,1,28,1,1,1
106,16,Michael Platt,55,1,19,0,1,3
107,15,Pang Kang,67,1,27,5,1,1
108,15,Jorge Paulo Lemann & family,83,1,20,5,1,3
108,15,Peter Woo,76,1,23,7,0,1
112,15,Dilip Shanghvi,67,1,26,4,1,2
113,15,Robert Pera,45,1,28,1,1,3
114,15,Radhakishan Damani,68,1,26,3,1,1
115,15,Huang Shilin,56,1,27,10,1,1
116,14,Dhanin Chearavanont,83,1,9,6,0,3
116,14,David Green & family,81,1,28,3,1,3
118,14,Charoen Sirivadhanabhakdi,78,1,9,5,1,3
119,14,Charlene de Carvalho-Heineken & family,68,0,1,5,0,1
120,14,Xu Hang,56,1,23,4,1,1
121,14,Wei Jianjun & family,59,1,27,10,1,1
122,14,Alisher Usmanov,69,1,24,11,1,3
123,14,Goh Cheng Liang,95,1,7,2,1,3
124,14,Kumar Birla,55,1,26,6,0,1
124,14,Aliko Dangote,65,1,0,2,1,3
126,14,Kwong Siu-hing,93,0,23,7,0,3
127,14,Idan Ofer,67,1,12,6,0,3
128,13,Chen Bang,57,1,27,4,1,3
128,13,Lui Che Woo,94,1,23,17,1,3
130,13,John Fredriksen,78,1,0,14,1,3
130,13,Diane Hendricks,76,0,28,13,1,3
130,13,Jan Koum,47,1,28,1,1,3
133,13,Jerry Jones,80,1,28,15,1,3
133,13,George Kaiser,80,1,28,8,0,3
133,13,Joseph Lau,71,1,23,7,1,1
136,13,Lu Xiangyang,60,1,27,10,1,1
137,13,Harry Triguboff,90,1,17,7,1,3
138,12,Uday Kotak,64,1,26,0,1,1
138,12,Stanley Kroenke,75,1,28,15,1,3
140,12,Mikhail Fridman,58,1,24,8,1,3
141,12,Sarath Ratanavadi,57,1,9,8,1,3
142,12,Dang Yanbao,50,1,27,11,1,1
142,12,Jiang Rensheng & family,69,1,27,4,1,1
144,12,Shahid Khan,72,1,28,10,1,3
145,12,Laurene Powell Jobs & family,59,0,28,1,0,1
146,11,Robert Kuok,99,1,4,6,1,3
147,11,Stephen Ross,82,1,28,7,1,3
148,11,Pavel Durov,38,1,0,1,1,1
148,11,Andreas Struengmann & family,73,1,25,4,1,1
148,11,Thomas Struengmann & family,73,1,25,4,1,1
151,11,Liu Hanyuan,59,1,27,5,1,1
151,11,Michael Rubin,50,1,28,3,1,3
153,11,Israel Englander,74,1,28,0,1,1
153,11,Viatcheslav Kantor,69,1,24,2,1,3
153,11,Anthony Pratt,62,1,17,2,0,1
153,11,Mikhail Prokhorov,57,1,24,0,1,3
157,11,Giorgio Armani,88,1,21,3,1,3
157,11,Johann Rupert & family,72,1,0,3,0,3
159,11,Gong Hongjia & family,58,1,23,0,1,1
159,11,Zhang Zhidong,51,1,27,1,1,1
161,10,Philip Anschutz,83,1,28,0,0,2
161,10,Judy Love & family,85,0,28,3,1,3
161,10,Ricardo Salinas Pliego & family,67,1,2,3,0,1
164,10,Donald Newhouse,93,1,28,9,0,1
165,10,Robert Kraft,81,1,28,15,1,3
165,10,Marcel Herrmann Telles,73,1,20,5,1,3
167,10,Suleiman Kerimov & family,57,1,24,0,1,3
167,10,Chris Xu,39,1,27,3,1,3
167,10,Changpeng Zhao,45,1,22,0,1,1
170,10,Andrew Beal,70,1,28,0,1,3
171,10,Mike Cannon-Brookes,43,1,17,1,1,1
171,10,Carl Cook,60,1,28,4,0,1
171,10,David Duffield,82,1,28,1,1,1
171,10,Jeffery Hildebrand,64,1,28,8,1,3
171,10,Viktor Rashnikov,74,1,24,2,1,3
171,10,Eduardo Saverin,41,1,20,1,1,1
171,10,Georg Schaeffler,58,1,25,10,0,3
171,10,Christy Walton,74,0,28,3,0,3
179,10,Scott Farquhar,43,1,17,1,1,1
179,10,Quek Leng Chan,81,1,4,6,0,1
179,10,Wu Yajun,59,0,27,7,1,1
182,10,Autry Stephens,85,1,28,8,1,3
183,9,Liu Yongxing,74,1,27,12,1,1
184,9,Nicolas Puech,80,1,14,3,0,3
184,9,Melker Schorling & family,75,1,15,0,1,1
190,9,Andrei Guriev & family,63,1,24,2,1,3
190,9,Michael Kim,59,1,28,0,1,3
190,9,Lei Jun,53,1,27,1,1,1
190,9,Friedhelm Loh,76,1,25,2,0,3
190,9,Sun Piaoyang,64,1,27,4,1,1
195,9,Jin Baofang,70,1,27,8,1,1
195,9,Luo Liguo & family,67,1,27,2,1,1
195,9,Marijke Mars,58,0,28,5,0,3
195,9,Pamela Mars,62,0,28,5,0,3
195,9,Valerie Mars,64,0,28,5,0,3
195,9,Victoria Mars,66,0,28,5,0,3
202,9,Vincent Bolloré & family,71,1,14,0,0,3
202,9,Jim Pattison,94,1,22,6,1,1
204,9,Ernesto Bertarelli,57,1,16,4,0,3
204,9,Wang Xing,44,1,27,1,1,1
206,9,Brian Chesky,41,1,28,1,1,1
206,9,James Dyson,75,1,19,2,1,3
208,9,Roman Abramovich & family,56,1,24,6,1,3
208,9,Antonia Ax:son Johnson & family,79,0,15,6,0,3
208,9,Daniel Kretinsky,47,1,0,8,1,3
208,9,John Malone,82,1,28,9,1,3
208,9,Azim Premji,77,1,26,1,0,1
208,9,Charles Schwab,85,1,28,0,1,1
208,9,Eric Smidt,63,1,28,3,1,3
215,9,David Cheriton,72,1,22,1,1,1
215,9,Ivan Glasenberg,66,1,16,11,1,1
215,9,Alexander Otto,55,1,25,7,0,1
215,9,Anthony von Mandl,73,1,22,5,1,3
215,9,Wang Liping & family,57,1,27,2,1,3
220,8,Finn Rausing,68,1,15,5,0,1
220,8,Jorn Rausing,63,1,15,5,0,1
220,8,Kirsten Rausing,70,0,15,5,0,1
223,8,Tatyana Bakalchuk,47,0,24,3,1,3
223,8,John Doerr,71,1,28,1,1,1
223,8,Richard Liu,49,1,27,1,1,1
223,8,Dustin Moskovitz,38,1,28,1,1,1
223,8,Pierre Omidyar,55,1,28,1,1,1
223,8,Pei Zhenhua,64,1,27,8,1,1
223,8,Carrie Perrodo & family,72,0,14,8,0,3
230,8,Chen Jianhua,52,1,27,2,1,3
230,8,Michael Otto,79,1,25,3,0,1
232,8,Leon Black,71,1,28,0,1,1
232,8,Graeme Hart,67,1,0,0,1,1
232,8,Ravi Jaipuria,68,1,26,5,0,3
232,8,Hasso Plattner & family,79,1,25,1,1,3
232,8,Carlos Alberto Sicupira & family,75,1,20,5,1,3
232,8,Manuel Villar,73,1,5,7,1,3
232,8,Andreas von Bechtolsheim & family,67,1,25,1,1,1
239,8,"Chase Coleman, III.",47,1,28,0,1,1
239,8,Ann Walton Kroenke,74,0,28,3,0,1
239,8,Li Zhenguo & family,55,1,27,2,1,1
242,8,Jim Kennedy,75,1,28,9,0,3
242,8,Nicky Oppenheimer & family,77,1,0,11,0,1
242,8,Blair Parry-Okeden,72,0,28,9,0,3
242,8,Zheng Shuliang & family,77,0,27,11,0,1
246,8,John Morris,75,1,28,3,1,3
246,8,Stefano Pessina,81,1,0,3,0,1
249,8,Francis Choi,75,1,23,7,1,3
249,8,German Khan,61,1,24,8,1,3
249,8,Abdulsamad Rabiu,62,1,0,6,0,3
249,8,George Roberts,79,1,28,0,1,3
249,8,Kushal Pal Singh,91,1,26,7,0,1
249,8,Wang Jianlin,68,1,27,7,1,1
249,8,Yang Huiyan & family,41,0,27,7,0,1
256,8,Laurent Dassault,69,1,14,6,0,1
256,8,Thierry Dassault,66,1,14,6,0,1
256,8,Tilman Fertitta,65,1,28,5,1,3
256,8,Marie-Hélène Habert-Dassault,58,0,14,6,0,1
256,8,Karel Komarek,54,1,0,17,1,3
261,8,Nathan Blecharczyk,39,1,28,1,1,1
261,8,Leonid Fedun,66,1,24,8,1,3
261,8,Bernard Marcus,93,1,28,3,1,1
261,8,Patrick Ryan,85,1,28,0,1,2
261,8,Robert F. Smith,60,1,28,0,1,3
261,8,Pavel Tykac,58,1,0,11,1,3
268,7,Orlando Bravo,52,1,28,0,1,3
268,7,Ding Shizhong & family,52,1,27,3,1,3
268,7,Nancy Walton Laurie,71,0,28,3,0,1
268,7,Jay Y. Lee,54,1,11,1,0,1
268,7,Ramzi Musallam,54,1,28,0,1,3
268,7,David Shaw,72,1,28,0,1,3
268,7,Andrei Skoch & family,57,1,24,11,1,3
268,7,Georg Stumpf,50,1,0,6,1,2
276,7,Rocco Commisso,73,1,28,16,1,3
276,7,Li Shuirong,66,1,27,2,1,1
276,7,Lin Shu-hong,94,1,18,2,1,3
276,7,Qi Shi & family,53,1,27,1,1,1
276,7,Yao Liangsong,58,1,27,2,1,1
276,7,Zhang Congyuan,75,1,18,3,1,1
282,7,Jean-Michel Besnier,55,1,14,5,0,1
282,7,Marie Besnier Beauvalot,42,0,14,5,0,1
282,7,David Geffen,80,1,28,9,1,1
282,7,Robin Li,54,1,27,1,1,3
282,7,Liu Yonghao & family,71,1,27,12,1,1
282,7,Henry Samueli,68,1,28,1,1,3
282,7,Reinhold Schmieding,68,1,28,4,1,3
282,7,Ivar Tollefsen,61,1,3,7,1,3
290,7,Cao Renxian,54,1,27,8,1,1
290,7,Hasmukh Chudgar & family,89,1,26,4,1,3
290,7,Andrew Currie,67,1,19,2,1,3
290,7,Joe Gebbia,41,1,28,1,1,1
290,7,John Reece,66,1,19,2,1,3
290,7,Leonard Stern,85,1,28,7,0,3
290,7,Joseph Tsai,59,1,22,1,1,1
290,7,Zhong Huijuan,62,0,27,4,1,1
299,7,Arthur Blank,80,1,28,15,1,3
299,7,Charles Butt,85,1,28,3,0,0
299,7,Ding Shijia,59,1,27,3,1,1
299,7,"Paul Tudor Jones, II.",68,1,28,0,1,3
299,7,Henry Kravis,79,1,28,0,1,1
299,7,Zhang Yong,52,1,7,5,1,3
305,7,James Goodnight,80,1,28,1,1,3
305,7,Sri Prakash Lohia,70,1,6,2,0,3
305,7,Ma Jianrong & family,59,1,27,3,1,1
305,7,Steven Rales,72,1,28,2,1,1
305,7,Nassef Sawiris,62,1,0,13,0,1
305,7,Harry Stine,81,1,28,5,1,3
312,7,Benu Gopal Bangur,91,1,26,2,0,3
312,7,Iskander Makhmudov,59,1,24,11,1,3
312,7,Anders Holch Povlsen,50,1,0,3,0,1
312,7,Enrique Razon Jr.,63,1,5,14,0,3
312,7,Wang Laichun,55,0,27,1,1,1
317,7,Terry Gou,72,1,18,1,1,3
317,7,Jeff Greene,68,1,28,7,1,3
317,7,Don Hankey,79,1,28,0,1,3
317,7,Richard Kinder,78,1,28,8,1,1
317,7,Guillaume Pousaz,41,1,16,0,1,1
317,7,Takahisa Takahara,61,1,13,3,0,3
317,7,Zong Qinghou,77,1,27,5,1,1
325,7,Judy Faulkner,79,0,28,1,1,3
325,7,Johann Graf,76,1,0,17,1,3
325,7,Tamara Gustavson,61,0,28,12,0,1
325,7,Liang Wengen,66,1,27,2,1,1
325,7,Frederik Paulsen,72,1,15,4,0,1
325,7,Wee Cho Yaw,94,1,7,0,0,1
325,7,Zhang Hejun,71,1,27,2,1,3
332,7,Marc Benioff,58,1,28,1,1,1
332,7,Dmitri Bukhman,37,1,12,9,1,1
332,7,Igor Bukhman,41,1,12,9,1,1
332,7,Jack Dangermond,77,1,28,1,1,3
332,7,Ashwin Dani & family,80,1,26,2,0,1
332,7,Ralph Lauren,83,1,28,3,1,3
332,7,Law Kar Po,74,1,23,7,0,3
332,7,J. Christopher Reyes,69,1,28,5,1,1
332,7,Jude Reyes,67,1,28,5,1,1
332,7,Don Vultaggio & family,71,1,28,5,1,3
344,6,Edythe Broad & family,87,0,28,6,0,2
344,6,Pauline MacMillan Keinath,89,0,28,5,0,1
344,6,Philippe Laffont,55,1,28,0,1,3
344,6,Liu Jincheng & family,58,1,27,1,1,1
344,6,Igor Olenicoff,80,1,28,7,1,3
344,6,Sandra Ortega Mera,54,0,8,3,0,3
344,6,Ronda Stryker,68,0,28,4,0,3
352,6,Dannine Avara,59,0,28,8,0,3
352,6,Silvio Berlusconi & family,86,1,21,6,1,1
352,6,Denise Coates,55,0,19,17,1,3
352,6,Scott Duncan,40,1,28,8,0,3
352,6,Milane Frantz,53,0,28,8,0,3
352,6,"Edward Johnson, IV.",58,1,28,0,0,3
352,6,Yuri Milner,61,1,12,0,1,1
352,6,Gordon Moore,94,1,28,1,1,1
352,6,John Overdeck,53,1,28,0,1,3
352,6,David Siegel,61,1,28,0,1,3
352,6,Viktor Vekselberg,65,1,24,6,1,3
352,6,Wang Laisheng,58,1,27,1,1,1
352,6,Randa Duncan Williams,61,0,28,8,0,3
365,6,Ken Fisher,72,1,28,0,1,3
365,6,Christopher Hohn,56,1,19,0,1,1
365,6,Kjeld Kirk Kristiansen,75,1,0,2,0,1
365,6,Sofie Kirk Kristiansen,47,0,0,2,0,1
365,6,Thomas Kirk Kristiansen,44,1,0,2,0,1
365,6,Massimiliana Landini Aleotti & family,80,0,21,4,0,3
365,6,Li Ping,55,1,23,10,1,1
365,6,Magdalena Martullo-Blocher,54,0,16,2,0,1
365,6,Xavier Niel,55,1,14,16,1,1
365,6,Terrence Pegula,72,1,28,8,1,3
365,6,"Edward Roski, Jr.",84,1,28,7,0,3
365,6,John A. Sobrato & family,83,1,28,7,1,3
365,6,George Soros,92,1,28,0,1,1
365,6,David Sun,71,1,28,1,1,3
365,6,Agnete Kirk Thinggaard,39,0,0,2,0,1
365,6,John Tu,81,1,28,1,1,3
365,6,Xu Shihui,65,1,27,5,1,1
383,6,Rahel Blocher,47,0,16,2,0,1
383,6,Bubba Cathy,68,1,28,5,0,3
383,6,Dan Cathy,70,1,28,5,0,3
383,6,Trudy Cathy White,67,0,28,5,0,3
383,6,Bruce Kovner,78,1,28,0,1,3
383,6,"Henry Nicholas, III.",63,1,28,1,1,3
383,6,Nadia Thiele,47,0,25,0,0,3
390,6,David Bonderman,80,1,28,0,1,3
390,6,Melinda French Gates,58,0,28,1,0,3
390,6,Nathan Kirsh,91,1,0,3,1,3
390,6,David Reuben,84,1,19,7,1,1
390,6,Simon Reuben,81,1,19,6,1,1
390,6,Radovan Vitek,51,1,0,7,1,3
397,6,Carl Bennet,71,1,15,0,1,1
397,6,Stephen Bisciotti,62,1,28,15,1,3
397,6,Stanley Druckenmiller,69,1,28,0,1,1
397,6,Jian Jun,59,0,27,4,1,3
397,6,Alexei Kuzmichev,60,1,24,8,1,3
397,6,Dmitry Rybolovlev & family,56,1,24,2,1,1
397,6,Luis Carlos Sarmiento,90,1,0,0,1,1
397,6,Dennis Washington,88,1,28,14,1,1
405,6,Anthony Bamford & family,77,1,19,13,0,3
405,6,Gao Jifan & family,58,1,27,8,1,1
405,6,John Grayken,66,1,0,0,1,1
405,6,Alain Merieux & family,85,1,14,4,0,1
405,6,Wang Yusuo & family,59,1,27,8,1,3
405,6,Stef Wertheimer & family,96,1,12,2,1,3
411,6,Maria Asuncion Aramburuzabala & family,59,0,2,5,0,2
411,6,Gustaf Douglas,85,1,15,6,1,1
411,6,Frits Goldschmeding,89,1,1,12,1,3
411,6,Lin Muqin & family,59,1,27,5,1,3
411,6,Ruan Liping,59,1,23,2,1,3
411,6,Ruan Xueping,51,1,23,2,1,3
411,6,Michal Solowow,60,1,0,0,1,2
418,6,Mike Adenuga,69,1,0,6,1,1
418,6,Tom Gores,58,1,28,0,1,3
418,6,Michael Herz,79,1,25,3,0,3
418,6,Wolfgang Herz,72,1,25,3,0,3
418,6,Michael Kadoorie,81,1,23,8,0,1
418,6,Zhou Qunfei,53,0,23,1,1,1
425,6,Alexander Abramov,64,1,24,11,1,3
425,6,Neil Bluhm,85,1,28,7,1,3
425,6,Alain Bouchard,74,1,22,3,1,3
425,6,Jay Chaudhry,63,1,28,1,1,1
425,6,Gopikishan Damani,65,1,26,3,1,1
425,6,Sumet Jiaravanon,88,1,9,6,0,3
425,6,Joe Lewis,86,1,19,0,1,3
425,6,Frank Lowy,92,1,17,0,1,1
425,6,Michael Milken,76,1,28,0,1,3
425,6,David Steward,71,1,28,1,1,3
425,6,Les Wexner & family,85,1,28,3,1,3
437,5,Cai Kui,60,1,27,7,1,1
437,5,Jaran Chiaravanont,93,1,9,6,0,3
437,5,Andreas Halvorsen,61,1,3,0,1,1
437,5,Antony Ressler,62,1,28,0,1,3
437,5,Tsai Eng-meng,66,1,18,5,0,1
442,5,Josh Harris,58,1,28,0,1,2
442,5,Niels Peter Louis-Hansen,75,1,0,4,0,1
442,5,Patrick Soon-Shiong,70,1,28,4,1,1
445,5,Rinat Akhmetov,56,1,0,11,1,3
445,5,John Brown,88,1,28,4,1,3
445,5,Clive Calder,76,1,19,9,1,2
445,5,Arthur Irving,93,1,22,8,0,3
445,5,Fredrik Lundberg,71,1,15,7,0,1
445,5,Thomas Schmidheiny,77,1,16,13,0,3
445,5,Helmut Sohmen,83,1,0,14,0,3
445,5,Daniel Ziff,51,1,28,0,0,3
445,5,Dirk Ziff,59,1,28,0,0,3
445,5,Robert Ziff,56,1,28,0,0,3
455,5,Ray Lee Hunt,79,1,28,8,0,1
455,5,Lai Meisong,52,1,27,14,1,3
455,5,Vikram Lal & family,81,1,26,10,0,3
455,5,Ken Langone,87,1,28,0,1,1
455,5,Karen Pritzker,65,0,28,0,0,1
455,5,Robert Rowling,69,1,28,12,0,3
455,5,Teddy Sagi,51,1,12,17,1,2
455,5,Seo Jung-jin,65,1,11,4,1,1
455,5,Wu Jianshu,59,1,23,10,1,1
466,5,Micky Arison,73,1,28,12,0,1
466,5,James Chambers,65,1,28,9,0,3
466,5,Pierre Chen,66,1,18,1,1,3
466,5,John Collison,32,1,0,1,1,1
466,5,Patrick Collison,34,1,0,1,1,1
466,5,Archie Aldis Emmerson & family,93,1,28,2,1,3
466,5,Piero Ferrari,77,1,21,10,0,3
466,5,Dan Friedkin,58,1,28,10,0,3
466,5,James Irving,95,1,22,6,0,3
466,5,Jiang Weiping & family,68,1,27,2,1,1
466,5,Wolfgang Marguerre & family,81,1,25,4,1,3
466,5,Ludwig Merckle,58,1,25,0,0,1
466,5,Mitchell Rales,66,1,28,2,1,1
466,5,Katharine Rayner,78,0,28,9,0,3
466,5,Jean Salata,57,1,0,0,1,3
466,5,Paul Singer,78,1,28,0,1,3
466,5,Sergio Stevanato & family,80,1,21,4,1,3
466,5,Margaretta Taylor,80,0,28,9,0,3
466,5,Richard White,68,1,17,1,1,3
466,5,Zhao Yan,56,0,27,6,1,1
486,5,Patrizio Bertelli,77,1,21,3,1,3
486,5,Mahendra Choksi & family,81,1,26,2,0,1
486,5,Mat Ishbia,43,1,28,0,0,3
486,5,Leo Koguan,68,1,28,1,1,1
486,5,Miao Hangen,58,1,27,6,1,1
486,5,Michael Pieper,77,1,16,2,1,3
486,5,Miuccia Prada,73,0,21,3,0,3
486,5,Wolfgang Reimann,70,1,25,3,0,1
486,5,Matthias Reimann-Andersen,58,1,25,3,0,1
486,5,Stefan Reimann-Andersen,59,1,25,3,0,1
486,5,Renate Reimann-Haas,71,0,25,3,0,1
497,5,Todd Boehly,49,1,28,0,1,3
497,5,Rick Caruso,64,1,28,7,1,3
497,5,Ibrahim Erdemoglu,60,1,10,2,1,3
497,5,Elizabeth Johnson,59,0,28,0,0,3
497,5,Douglas Leone,65,1,28,0,1,1
497,5,Prajogo Pangestu,78,1,6,6,0,1
497,5,Thomas Pritzker,72,1,28,0,0,3
497,5,Gary Rollins,78,1,28,12,0,2
497,5,Mark Walter,62,1,28,0,1,3
497,5,Ronald Wanek,81,1,28,2,1,1
497,5,Erich Wesjohann & family,77,1,25,5,1,1
497,5,M.A. Yusuff Ali,67,1,26,3,1,1
511,5,Alexandre Behring,56,1,20,0,1,3
511,5,Cheng Xue,53,0,27,5,1,1
511,5,Gao Dekang & family,71,1,27,3,1,3
511,5,Micky Jagtiani,71,1,26,3,0,3
511,5,Ananda Krishnan,85,1,4,16,1,1
511,5,Barry Lam,73,1,18,1,1,1
511,5,"Robert Rich, Jr.",82,1,28,5,0,3
511,5,Mark Scheinberg,49,1,22,17,1,1
511,5,Charles Simonyi,74,1,28,1,1,1
511,5,Ty Warner,78,1,28,7,1,3
511,5,Sam Zell,81,1,28,7,1,1
523,5,Wei Fang,49,1,27,2,1,3
523,5,Charles B. Johnson,90,1,28,0,0,2
523,5,Kwon Hyuk-bin,49,1,11,9,1,1
523,5,Sami Mnaymneh,61,1,28,0,1,3
523,5,Kjell Inge Rokke,64,1,3,14,1,1
523,5,Tony Tamer,65,1,28,0,1,3
523,5,Tse Ping & family,71,1,27,4,1,1
523,5,Romesh T. Wadhwani,75,1,28,1,1,3
523,5,Hansjoerg Wyss,88,1,16,4,1,3
523,5,Denise York & family,72,0,28,15,0,3
534,5,Ron Baron,79,1,28,0,1,3
534,5,Robert Bass,75,1,28,8,0,1
534,5,Dona Bertarelli,55,0,16,4,0,3
534,5,Martin Haefner,69,1,16,1,0,3
534,5,"Robert Hale, Jr.",56,1,28,16,1,3
534,5,Viktor Kharitonin,50,1,24,4,1,3
534,5,Kim Beom-su,57,1,11,1,1,1
534,5,Jane Lauder,50,0,28,3,0,1
534,5,Michel Leclercq & family,83,1,14,3,0,3
534,5,George Lucas,78,1,28,9,1,1
534,5,Janice McNair,86,0,28,15,0,3
534,5,Ugur Sahin,57,1,25,4,1,1
534,5,Alexandra Schoerghuber & family,64,0,25,7,0,3
534,5,Thomas Straumann,59,1,16,4,0,1
534,5,Murat Ulker,64,1,10,5,0,3
534,5,Chip Wilson,66,1,22,3,1,1
552,4,Jim Davis & family,79,1,28,2,1,1
552,4,Murali Divi & family,72,1,26,4,1,1
552,4,Dagmar Dolby & family,81,0,28,1,0,3
552,4,Tom Golisano,81,1,28,12,1,1
552,4,Jonathan Gray,53,1,28,0,1,1
552,4,Bidzina Ivanishvili,67,1,0,0,1,3
552,4,Lim Hariyanto Wijaya Sarwono,94,1,6,11,1,3
552,4,Rudolf Maag,77,1,16,4,1,1
552,4,Emanuele (Lino) Saputo & family,86,1,22,5,0,3
552,4,Mark Shoen,72,1,28,10,0,3
552,4,Dan Snyder,58,1,28,15,1,3
552,4,Chairul Tanjung,60,1,6,6,1,1
552,4,Kelcy Warren,67,1,28,8,1,3
552,4,Zhang Tao,50,1,27,3,1,1
567,4,Michael Ashley,58,1,19,3,1,3
567,4,Tomasz Biernacki,50,1,0,3,1,3
567,4,Bernard Broermann,79,1,25,4,1,3
567,4,Jimmy Haslam,69,1,28,3,0,3
567,4,H. Fisk Johnson,64,1,28,2,0,3
567,4,S. Curtis Johnson,67,1,28,2,0,3
567,4,Helen Johnson-Leipold,66,0,28,2,0,3
567,4,Vinod Khosla,68,1,28,1,1,1
567,4,Thai Lee,64,0,28,1,1,3
567,4,Winifred J. Marquart,63,0,28,2,0,3
567,4,Pankaj Patel,70,1,26,4,0,3
567,4,Horst Julius Pudwill,78,1,25,2,1,1
567,4,Yu Yong,62,1,27,0,1,3
580,4,Maria Fernanda Amorim & family,88,0,0,6,0,2
580,4,Gayle Benson,76,0,28,15,0,3
580,4,Jason Chang,78,1,7,1,1,3
580,4,Ali Erdemoglu,63,1,10,2,1,3
580,4,Andre Esteves,54,1,20,0,1,1
580,4,Carlo Fidani,68,1,22,7,0,3
580,4,Hong Ra-hee,77,0,11,1,0,1
580,4,Li Gaiteng,50,1,27,2,1,3
580,4,Thomas Secunda,68,1,28,9,1,3
580,4,Zuowen Song,76,1,27,6,1,3
580,4,Tim Sweeney,52,1,28,9,1,1
591,4,Bert Beveridge,61,1,28,5,1,3
591,4,Mark Cuban,64,1,28,9,1,1
591,4,Charles Dolan & family,96,1,28,9,1,1
591,4,Jack Dorsey,46,1,28,1,1,1
591,4,Fan Hongwei,56,0,27,8,1,1
591,4,Vladimir Kim,62,1,0,11,1,1
591,4,"Andre Koo, Sr.",55,1,18,0,0,1
591,4,Ronald Lauder,79,1,28,3,0,1
591,4,Li Chunan,54,1,27,2,1,1
591,4,Forrest Li,45,1,7,9,1,1
591,4,Richard Li,56,1,23,16,0,1
591,4,Issad Rebrab & family,79,1,0,5,1,1
591,4,Fred Smith,78,1,28,14,1,1
591,4,Barry Sternlicht,62,1,28,0,1,3
591,4,Maximilian Viessmann,34,1,25,2,0,1
591,4,Russ Weiner,52,1,28,5,1,3
611,4,Dietmar Hopp & family,82,1,25,1,1,1
611,4,Jiang Bin,56,1,27,1,1,1
611,4,Joseph Liemandt,54,1,28,1,1,3
611,4,Theo Mueller,83,1,25,5,0,1
611,4,N.R. Narayana Murthy,76,1,26,1,1,3
611,4,Odd Reitan & family,71,1,3,3,0,1
611,4,Marc Rowan,60,1,28,0,1,1
611,4,Hussain Sajwani,70,1,0,7,1,3
611,4,David Velez & family,41,1,0,0,1,1
611,4,Xu Jinfu,59,1,27,2,1,1
611,4,Samuel Yin,72,1,18,6,0,1
611,4,You Xiaoping,65,1,27,2,1,1
624,4,Stéphane Bancel,50,1,14,4,1,1
624,4,Margot Birmingham Perot,89,0,28,1,0,3
624,4,Neal Blue & family,88,1,28,2,1,3
624,4,Jim Davis,63,1,28,12,1,3
624,4,Rafael Del Pino,64,1,8,13,0,3
624,4,Peter Grogg,81,1,16,4,1,1
624,4,Christian Haub,58,1,25,3,0,2
624,4,Mangal Prabhat Lodha,67,1,26,7,1,1
624,4,Jeffrey Lurie & family,71,1,28,15,0,3
624,4,Joe Mansueto,66,1,28,0,1,1
624,4,Qian Dongqi & family,65,1,27,2,1,1
624,4,Mikhail Shelkov,54,1,24,11,1,3
636,4,Patrick Drahi,59,1,14,16,1,1
636,4,Behdad Eghbali,46,1,28,0,1,3
636,4,Juan Carlos Escotet,63,1,0,0,1,3
636,4,Jose E. Feliciano,49,1,28,0,1,3
636,4,Hu Kaijun,61,1,27,4,1,3
636,4,Johnelle Hunt,91,0,28,14,1,1
636,4,Marian Ilitch,90,0,28,5,1,1
636,4,Daryl Katz,61,1,22,6,1,1
636,4,Andrei Kozitsyn,62,1,24,11,1,3
636,4,Timur Kulibaev,56,1,0,0,1,3
636,4,Dinara Kulibaeva,55,0,0,0,0,3
636,4,Gwendolyn Sontheim Meyer,61,0,28,5,0,1
636,4,Jay Paul,75,1,28,7,1,3
636,4,Pham Nhat Vuong,54,1,0,6,1,1
636,4,Jon Stryker,64,1,28,4,0,3
636,4,Daniel Tsai,66,1,18,0,0,1
636,4,Richard Tsai,65,1,18,0,0,1
636,4,Frank Wang,42,1,27,1,1,1
636,4,Wang Junshi & family,74,1,27,2,1,1
636,4,Wang Wenjing,58,1,27,1,1,1
636,4,Herbert Wertheim,83,1,28,0,1,3
659,4,Shari Arison,65,0,12,12,0,1
659,4,Chan Laiwa & family,82,0,27,7,1,1
659,4,Chen Hua,57,1,27,7,1,3
659,4,Thomas Hagen,87,1,28,0,0,3
659,4,"Rupert Johnson, Jr.",82,1,28,0,0,1
659,4,Min Kao & family,74,1,28,1,1,1
659,4,Marc Ladreit de Lacharriere,82,1,14,0,1,3
659,4,Eric Lefkofsky,53,1,28,1,1,3
659,4,Lin Bin,55,1,28,1,1,1
659,4,Lin Li,59,1,27,0,1,1
659,4,Michael Moritz,68,1,28,1,1,1
659,4,Jean (Gigi) Pritzker,60,0,28,12,0,3
659,4,E. Joe Shoen,73,1,28,10,0,3
659,4,Jeff Skoll,58,1,28,1,1,1
659,4,Lynsi Snyder,40,0,28,5,0,2
659,4,Djoko Susanto,73,1,6,3,1,3
659,4,Tahir & family,71,1,6,6,1,3
659,4,Peter Thiel,55,1,28,0,1,1
679,4,Andrej Babis,68,1,0,5,1,1
679,4,Danielle Bellon & family,83,0,14,12,0,3
679,4,Hubert Burda,83,1,25,9,0,3
679,4,Nick Caporella,87,1,28,5,1,3
679,4,John Catsimatidis,74,1,28,8,1,3
679,4,Scott Cook,70,1,28,1,1,1
679,4,Luca Garavoglia,54,1,21,5,0,3
679,4,Antti Herlin,66,1,0,2,0,1
679,4,Hong Jie,55,1,27,2,1,3
679,4,"Jeremy Jacobs, Sr. & family",83,1,28,12,0,3
679,4,Igor Kesaev,56,1,24,3,1,3
679,4,Mary Alice Dorrance Malone,73,0,28,5,0,3
679,4,Joao Moreira Salles,61,1,20,6,0,3
679,4,Walther Moreira Salles Junior,66,1,20,0,0,3
679,4,Arturo Moreno,76,1,28,15,1,3
679,4,Peter Spuhler,63,1,16,2,1,1
679,4,Donald Sterling,88,1,28,7,1,3
679,4,Kerry Stokes,82,1,17,6,1,1
679,4,Ken Xie,60,1,28,1,1,1
679,4,Liangzhi Xie & family,57,1,27,4,1,1
699,4,Sid Bass,80,1,28,8,0,3
699,4,Ben Chestnut,48,1,28,1,1,1
699,4,Guangchang Guo,56,1,27,6,1,1
699,4,Vinod Rai Gupta,77,0,26,2,0,3
699,4,John Henry,73,1,28,15,1,3
699,4,Travis Kalanick,46,1,28,1,1,3
699,4,Koon Poh Keong,61,1,4,2,1,1
699,4,Dan Kurzius,51,1,28,1,1,1
699,4,Paul Lee,65,1,28,2,1,1
699,4,Tobi Lutke,42,1,22,1,1,1
699,4,Gail Miller,79,0,28,10,1,3
699,4,Isaac Perlmutter,80,1,28,9,1,1
699,4,"Bernard Saul, II.",90,1,28,0,0,3
699,4,Shaul Shani,68,1,12,16,1,1
699,4,Steven Spielberg,76,1,28,9,1,3
699,4,Jerzy Starak,75,1,0,4,1,2
699,4,Torbjorn Tornqvist,69,1,15,8,1,3
699,4,Rufino Vigil Gonzalez,74,1,2,11,1,3
699,4,Zhang Daocai,73,1,27,6,1,3
721,3,Juergen Blickle,76,1,25,2,0,1
721,3,"Austen Cargill, II.",72,1,28,5,0,1
721,3,"James Cargill, II.",73,1,28,5,0,1
721,3,Vanich Chaiyawan,91,1,9,0,1,3
721,3,Dongsheng Chen,65,1,27,0,1,3
721,3,Mong-Koo Chung,85,1,11,10,0,1
721,3,Kenneth Dart,67,1,0,0,0,3
721,3,Giuseppe De'Longhi & family,83,1,21,3,0,1
721,3,Guenther Fielmann & family,83,1,25,4,1,1
721,3,W. Herbert Hunt,94,1,28,8,0,1
721,3,James Irsay,63,1,28,15,0,3
721,3,Marianne Liebmann,69,0,28,5,0,1
721,3,Jorge Moll Filho & family,78,1,20,4,1,1
721,3,Fernando Roberto Moreira Salles,76,1,20,6,0,3
721,3,Pedro Moreira Salles,63,1,20,6,0,3
721,3,Gabe Newell,60,1,28,17,1,2
721,3,Alfred Oetker,56,1,25,3,0,3
721,3,Carl Ferdinand Oetker,50,1,25,3,0,3
721,3,Julia Oetker,44,0,25,3,0,3
721,3,Ruan Hongliang & family,62,1,27,2,1,1
721,3,Mark Stevens,63,1,28,0,1,1
721,3,Tsai Hong-tu,70,1,18,0,0,1
721,3,Nusli Wadia,79,1,26,5,0,3
721,3,Wu Yiling,73,1,27,4,1,2
721,3,Yu Renrong,57,1,27,2,1,1
721,3,Zhu Baoguo & family,60,1,27,4,1,1
748,3,Francesco Gaetano Caltagirone,80,1,21,13,1,1
748,3,Barry Diller,81,1,28,9,1,1
748,3,Wesley Edens,61,1,28,0,1,3
748,3,Stephen Feinberg,63,1,28,0,1,3
748,3,Rakesh Gangwal,69,1,28,12,1,1
748,3,Joseph Grendys,61,1,28,5,1,3
748,3,Martha Ingram & family,87,0,28,9,0,1
748,3,Li Xiang,41,1,27,10,1,1
748,3,"H. Ross Perot, Jr.",64,1,28,7,0,3
748,3,Chandru Raheja,82,1,26,7,0,3
748,3,Trevor Rees-Jones,71,1,28,8,1,1
748,3,Yasumitsu Shigeta,58,1,13,16,1,3
748,3,Tsai Cheng-ta,73,1,18,0,0,1
748,3,Steven Udvar-Hazy,77,1,28,12,1,1
766,3,William Berkley,76,1,28,0,1,2
766,3,Charles Cohen,71,1,28,7,0,3
766,3,Yakir Gabay,56,1,0,7,1,1
766,3,Huang Li,59,1,27,1,1,1
766,3,Brad Jacobs,66,1,28,14,1,2
766,3,Ji Qi,56,1,27,7,1,3
766,3,Jason Jiang,50,1,27,9,1,1
766,3,Jim Kavanaugh,60,1,28,1,1,3
766,3,Richard LeFrak & family,77,1,28,7,0,2
766,3,Mikhail Lomtadze,47,1,0,0,1,3
766,3,Tom Morris,68,1,19,3,1,3
766,3,Shigenobu Nagamori,78,1,13,2,1,1
766,3,Daniel Och,62,1,28,0,1,1
766,3,Horst Paulmann & family,88,1,0,3,1,3
766,3,Anthony Pritzker,62,1,28,12,0,2
766,3,John Sall,75,1,28,1,1,3
766,3,Howard Schultz,69,1,28,5,1,1
766,3,Richard Schulze,82,1,28,3,1,1
766,3,Yitzhak Tshuva,74,1,12,7,1,1
766,3,Wang Yanqing & family,56,1,27,2,1,1
787,3,Leonid Boguslavsky,71,1,22,0,1,1
787,3,Jim Coulter,63,1,28,0,1,3
787,3,Bob Gaglardi,82,1,22,7,1,3
787,3,Jaime Gilinski Bacal,65,1,0,0,0,1
787,3,Pansy Ho,60,0,23,17,0,3
787,3,Alan Howard,59,1,19,0,1,3
787,3,Huang Yi,61,1,23,10,1,1
787,3,Peter Kellogg,80,1,28,0,0,2
787,3,Vyacheslav Kim,53,1,0,0,1,3
787,3,Josh Kushner,37,1,28,0,1,3
787,3,Samuel Tak Lee,83,1,23,7,0,1
787,3,Edwin Leong,71,1,23,7,1,1
787,3,"Stephen Mandel, Jr.",67,1,28,0,1,1
787,3,Mohamed Mansour,75,1,0,6,1,3
787,3,Masahiro Miki,67,1,13,3,1,3
787,3,Masahiro Noda,84,1,13,1,1,3
787,3,Cliff Obrecht,37,1,17,1,1,1
787,3,Melanie Perkins,35,0,17,1,1,1
787,3,J.B. Pritzker,58,1,28,0,0,2
787,3,Juan Roig,73,1,8,3,0,1
787,3,Jerry Speyer,82,1,28,7,1,2
787,3,Lawrence Stroll,63,1,22,3,1,3
787,3,Tung Chee Chen,80,1,23,14,0,2
787,3,Wang Junlin,60,1,27,5,1,1
787,3,Xia Zuoquan,61,1,27,10,1,3
787,3,Zeng Fangqin,57,0,27,1,1,1
787,3,Zhang Jian,54,1,27,2,1,3
818,3,Maurizio Billi,65,1,20,4,0,3
818,3,Fashu Chen,62,1,27,0,1,1
818,3,Giuseppe Crippa & family,87,1,21,2,1,3
818,3,Daniel D'Aniello,76,1,28,0,1,1
818,3,Walter P.J. Droege,70,1,25,0,1,1
818,3,Peter Gassner,58,1,28,1,1,3
818,3,Mikhail Gutseriev,65,1,24,8,1,3
818,3,Patrick Lee,81,1,23,2,1,1
818,3,Leng Youbin,54,1,27,5,1,1
818,3,Daniel Loeb,61,1,28,0,1,1
818,3,Margarita Louis-Dreyfus & family,60,0,16,5,0,1
818,3,Prasert Prasarttong-Osoth,90,1,9,4,1,3
818,3,Ira Rennert,88,1,28,0,1,1
818,3,Dirk Rossmann & family,76,1,25,3,1,3
818,3,Arkady Rotenberg,71,1,24,13,1,3
818,3,Remo Ruffini,61,1,21,3,1,3
818,3,Vivek Chaand Sehgal,66,1,17,10,1,3
818,3,Scott Shleifer,45,1,28,0,1,1
818,3,Thomas Siebel,70,1,28,1,1,2
818,3,Wim van der Leegte & family,75,1,1,2,0,3
818,3,Xiao Yongming & family,58,1,27,6,1,1
818,3,Michael Xie,54,1,28,1,1,3
818,3,Yang Shaopeng,65,1,27,14,1,1
818,3,Barry Zekelman,56,1,22,2,0,3
852,3,William Ackman,56,1,28,0,1,3
852,3,Somphote Ahunai,55,1,9,8,1,1
852,3,Igor Altushkin,52,1,24,11,1,3
852,3,Ramon Ang,69,1,5,5,1,3
852,3,Acharya Balkrishna,50,1,26,5,1,3
852,3,Markus Blocher,52,1,16,2,0,3
852,3,Richard Branson,72,1,19,6,1,1
852,3,Cho Jung-ho,64,1,11,0,0,3
852,3,Alessandra Garavoglia,63,0,21,5,0,3
852,3,Laurence Graff & family,84,1,19,3,1,2
852,3,"Amos Hostetter, Jr.",86,1,28,9,1,1
852,3,Steven Klinsky,66,1,28,0,1,2
852,3,William Lauder,62,1,28,3,0,1
852,3,John Middleton,68,1,28,5,0,2
852,3,Hiroshi Mikitani,58,1,13,3,1,1
852,3,Bob Parsons,72,1,28,1,1,2
852,3,J. Joe Ricketts & family,81,1,28,0,1,1
852,3,Herb Simon,88,1,28,7,1,1
852,3,Leena Tewari,65,0,26,4,0,1
852,3,Stefan von Holtzbrinck,59,1,25,9,0,3
852,3,Hans Peter Wild,81,1,16,5,0,1
852,3,Wu Guanjiang & family,54,1,27,4,1,1
852,3,Yi Zheng,52,1,27,1,1,3
852,3,Eric Yuan & family,53,1,28,1,1,1
852,3,Charles Zegar,75,1,28,9,1,3
878,3,Mohed Altrad,75,1,14,13,1,1
878,3,John Arnold,49,1,28,0,1,2
878,3,Bill Austin,81,1,28,2,1,3
878,3,Chen Shibin,56,1,27,2,1,3
878,3,Bennett Dorrance,77,1,28,5,0,3
878,3,Walter Faria,68,1,20,5,1,2
878,3,Walter Frey,79,1,16,10,0,3
878,3,Fu Liquan & family,55,1,27,1,1,1
878,3,John Gandel,88,1,17,7,0,2
878,3,Peter Gilgan,72,1,22,13,1,3
878,3,Kwek Leng Beng,82,1,7,6,0,3
878,3,Pablo Legorreta,59,1,28,0,1,1
878,3,Arnon Milchan,78,1,12,9,1,1
878,3,Akio Nitori,79,1,13,3,1,1
878,3,Julio Ponce Lerou,77,1,0,11,1,1
878,3,Rodger Riney & family,77,1,28,0,1,1
878,3,Phil Ruffin,88,1,28,6,1,3
878,3,Naguib Sawiris,68,1,0,16,0,1
878,3,Neil Shen,55,1,23,0,1,1
878,3,Gil Shwed,54,1,12,1,1,1
878,3,Stephen Smith,71,1,22,0,1,3
878,3,Nik Storonsky,38,1,19,0,1,1
878,3,Jeffrey Talpins,48,1,28,0,1,3
878,3,Carl Thoma,74,1,28,0,1,3
878,3,Todd Wanek,59,1,28,2,0,1
878,3,Xue Hua,53,1,27,2,1,1
878,3,Takao Yasuda,73,1,13,3,1,3
905,3,Giuliana Benetton,85,0,21,3,1,3
905,3,Luciano Benetton,87,1,21,3,1,3
905,3,Arun Bharat Ram,82,1,26,2,0,1
905,3,Ron Burkle,70,1,28,0,1,3
905,3,Chen Kaixuan,64,1,27,2,1,1
905,3,Brunello Cucinelli & family,69,1,21,3,1,3
905,3,Antonio Del Valle Ruiz & family,84,1,2,2,1,1
905,3,Dong Jinggui,53,1,27,10,1,3
905,3,Charles Ergen,70,1,28,9,1,1
905,3,David Filo,56,1,28,1,1,1
905,3,Lindsay Fox,85,1,17,14,1,3
905,3,Sergei Galitsky,55,1,24,3,1,2
905,3,Senapathy Gopalakrishnan,67,1,26,1,1,1
905,3,Luciano Hang,60,1,20,3,1,1
905,3,Michael Hintze,69,1,17,0,1,2
905,3,Hu Baifan,60,1,27,4,1,1
905,3,Hamilton James & family,71,1,28,0,1,3
905,3,Lee Boo-jin,52,0,11,1,0,1
905,3,Li Liangbin,55,1,27,2,1,1
905,3,Liang Feng,54,1,27,2,1,1
905,3,Samir Mehta,59,1,26,4,0,3
905,3,Sudhir Mehta,68,1,26,4,0,3
905,3,Aristotelis Mistakidis,61,1,0,11,1,1
905,3,Roger Penske,86,1,28,10,1,3
905,3,Ravi Pillai,69,1,26,13,1,3
905,3,David Rubenstein,73,1,28,0,1,1
905,3,Hilton Schlosberg,70,1,19,5,1,3
905,3,Klaus-Peter Schulenberg,71,1,25,12,1,3
905,3,Lynn Schusterman,84,0,28,8,0,1
905,3,Isabella Seràgnoli,77,0,21,2,0,3
905,3,Shen Guojun,60,1,27,3,1,1
905,3,Warren Stephens,66,1,28,0,0,3
905,3,Pat Stryker,66,0,28,4,0,3
905,3,Roman Trotsenko,52,1,24,14,1,0
905,3,Vincent Viola,67,1,28,0,1,1
905,3,Wu Shaoxun,67,1,27,5,1,1
905,3,Steve Wynn,81,1,28,17,1,1
905,3,Jon Yarbrough,65,1,28,17,1,3
905,3,Zhou Bajin,87,1,27,2,1,1
949,3,Cho Tak Wong,76,1,23,2,1,1
949,3,John Coates,53,1,19,17,1,3
949,3,Ryan Cohen,37,1,22,0,1,3
949,3,Deng Wen,55,1,27,5,1,3
949,3,Gurbachan Singh Dhingra,72,1,26,2,1,1
949,3,Kuldip Singh Dhingra,75,1,26,2,1,1
949,3,Martin Ebner,77,1,16,0,1,1
949,3,Charles Edelstenne,85,1,14,2,1,1
949,3,Sergei Gordeev,50,1,24,7,1,3
949,3,Jeff T. Green,46,1,28,9,1,1
949,3,Reed Hastings,62,1,28,1,1,1
949,3,Bertil Hult,82,1,15,12,1,1
949,3,Miguel Krigsner,73,1,20,3,1,1
949,3,Kuok Khoon Hong,73,1,7,2,0,1
949,3,Aerin Lauder,52,0,28,3,0,1
949,3,Sheldon Lavin,90,1,28,5,1,3
949,3,Yin Yee Lee,71,1,27,2,1,1
949,3,Vladimir Litvinenko & family,67,1,24,2,1,0
949,3,Daniel Mate,59,1,8,11,1,1
949,3,Ravi Modi,46,1,26,3,1,3
949,3,Farhad Moshiri,67,1,19,6,1,3
949,3,Jonathan Nelson,66,1,28,0,1,3
949,3,Or Wai Sheun,71,1,23,7,1,1
949,3,Katharina Otto-Bernstein,59,0,25,7,0,1
949,3,Penny Pritzker,63,0,28,0,0,1
949,3,Theodore Rachmat,79,1,6,6,0,1
949,3,Renzo Rosso & family,67,1,21,3,1,1
949,3,Friede Springer,80,0,25,9,0,1
949,3,Rita Tong Liu,74,0,23,7,1,1
949,3,Timur Turlov,35,1,0,0,1,3
949,3,Frank VanderSloot,74,1,28,3,1,3
949,3,Yoo Jung-hyun,53,0,11,9,1,3
982,3,Semahat Sevim Arsel,94,0,10,6,0,3
982,3,Nicolas Berggruen,61,1,28,7,0,3
982,3,George Bishop,85,1,28,8,1,3
982,3,Norman Braman,90,1,28,10,1,3
982,3,Eva Maria Bucher-Haefner,66,0,16,1,0,2
982,3,Cai Dongchen,70,1,27,4,1,1
982,3,Jean-Pierre Cayard,80,1,14,5,0,3
982,3,Todd Christopher,60,1,28,3,1,2
982,3,Mang Yee Chu & family,63,1,27,7,1,1
982,3,"William Conway, Jr.",73,1,28,0,1,1
982,3,Jean Coutu & family,95,1,22,3,1,1
982,3,"Edward DeBartolo, Jr.",76,1,28,7,0,3
982,3,Feng Hailiang,62,1,27,11,1,3
982,3,"Ernest Garcia, II.",65,1,28,10,1,1
982,3,Sam Goi,76,1,7,5,1,3
982,3,Carlos Hank Rhon,75,1,2,6,0,3
982,3,Susan Carol Holland,66,0,21,2,0,1
982,3,Hui Ka Yan,64,1,27,7,1,1
982,3,Vivek Jain,67,1,26,2,0,3
982,3,Friedrich Knapp,71,1,25,3,1,1
982,3,Egor Kulkov,51,1,24,4,1,3
982,3,Lin Ming-hsiung,73,1,18,3,1,1
982,3,Lin Xiucheng & family,67,1,27,1,1,1
982,3,Harsh Mariwala,71,1,26,5,0,1
982,3,Gilles Martin,59,1,14,4,1,1
982,3,Maja Oeri,68,0,16,4,0,1
982,3,John Paulson,67,1,28,0,1,1
982,3,Ajay Piramal,67,1,26,4,0,1
982,3,Guanghe Qiu & family,71,1,27,3,1,1
982,3,Stephen Rubin,86,1,19,3,0,0
982,3,Erik Selin,55,1,15,7,1,1
982,3,Yonghong Shi & family,54,1,27,5,1,1
982,3,Martua Sitorus,63,1,6,2,1,3
982,3,Guangxin Sun,60,1,27,6,1,3
982,3,Sukanto Tanoto,73,1,6,6,1,3
982,3,Sunny Varkey,65,1,26,12,0,3
982,3,Gang Ye,42,1,7,9,1,1
982,3,Ye Xiaoping,60,1,27,4,1,3
982,3,Lei Zhang,50,1,27,0,1,2
982,3,Zhu Gongshan & family,65,1,27,2,1,1
1027,2,Isak Andic & family,69,1,8,3,1,3
1027,2,Alberto Bombassei,82,1,21,10,0,3
1027,2,Cao Longxiang & family,65,1,27,4,1,2
1027,2,John Caudwell,70,1,19,16,1,1
1027,2,James Clark,79,1,28,1,1,1
1027,2,Jacques D'Amours,66,1,22,3,1,3
1027,2,John Paul DeJoria,78,1,28,3,1,3
1027,2,Bernard Ecclestone & family,92,1,19,15,1,1
1027,2,Michael Federmann & family,79,1,12,1,1,1
1027,2,Kenneth Feld & family,74,1,28,9,0,3
1027,2,Gu Yuhua & family,73,1,27,2,1,1
1027,2,Otto Happel,75,1,25,13,0,1
1027,2,Gudrun Heine,68,0,25,4,0,1
1027,2,Donald Horton & family,73,1,28,7,1,3
1027,2,Zarakh Iliev,56,1,24,7,1,3
1027,2,Ipek Kirac,38,0,10,6,0,3
1027,2,Lee Seo-hyun,49,0,11,1,0,1
1027,2,Li Jianquan & family,66,1,23,4,1,1
1027,2,Li Li,57,1,27,4,1,3
1027,2,Li Xiaohua & family,61,1,27,2,1,1
1027,2,Liu Xiaodong,55,1,27,2,1,3
1027,2,Martin Lorentzon,54,1,15,1,1,2
1027,2,Ronald McAulay,87,1,23,8,0,1
1027,2,Erwin Franz Mueller,90,1,25,3,1,3
1027,2,Georg Nemetschek & family,89,1,25,1,1,1
1027,2,God Nisanov,50,1,24,7,1,3
1027,2,Vikas Oberoi,52,1,26,7,0,1
1027,2,Gregorio Perez Companc & family,87,1,0,8,1,3
1027,2,Sebastian Piñera & family,73,1,0,0,1,3
1027,2,Arvind Poddar,65,1,26,10,0,1
1027,2,Alexey Repik,43,1,24,4,1,3
1027,2,Haim Saban,78,1,28,9,1,1
1027,2,Rodney Sacks,73,1,28,5,1,3
1027,2,Karthik Sarma,48,1,26,0,1,1
1027,2,Sybill Storz,85,0,25,4,0,1
1027,2,Daniel Sundheim,46,1,28,0,1,1
1027,2,"William Wrigley, Jr.",59,1,28,5,0,1
1027,2,Zhang Wenzhong,61,1,27,3,1,1
1027,2,Zhou Jianping,62,1,27,3,1,2
1067,2,Joy Alukkas,66,1,26,3,0,3
1067,2,Kang An,74,1,27,4,1,1
1067,2,Garrett Camp,44,1,22,1,1,2
1067,2,Chen Lip Keong,75,1,4,17,1,3
1067,2,Choo Chong Ngen,69,1,7,7,1,3
1067,2,Euisun Chung,52,1,11,10,0,1
1067,2,Smita Crishna-Godrej,72,0,26,6,0,3
1067,2,Du Jiangtao & family,53,1,27,2,1,1
1067,2,Lorenzo Fertitta,54,1,28,15,0,3
1067,2,Adi Godrej,81,1,26,6,0,3
1067,2,Jamshyd Godrej,74,1,26,6,0,3
1067,2,Li Weiguo,58,1,27,2,1,1
1067,2,Dmitry Mazepin,54,1,24,2,1,0
1067,2,"Drayton McLane, Jr.",86,1,28,3,0,1
1067,2,Najib Mikati,67,1,0,16,1,1
1067,2,Taha Mikati,78,1,0,16,1,1
1067,2,Akira Mori & family,86,1,13,7,0,1
1067,2,Rishad Naoroji,71,1,26,6,0,3
1067,2,Philip Niarchos,69,1,0,6,0,2
1067,2,Nandan Nilekani,67,1,26,1,1,1
1067,2,Ranjan Pai,50,1,26,12,0,3
1067,2,Madhukar Parekh,76,1,26,2,0,1
1067,2,Sean Parker,43,1,28,1,1,2
1067,2,Stewart Rahr,77,1,28,4,0,3
1067,2,Su Hua,41,1,27,9,1,1
1067,2,Sun Shoukuan,73,1,27,2,1,2
1067,2,Tung Chee Hwa,85,1,23,14,0,2
1067,2,Meg Whitman,66,0,28,1,1,1
1067,2,Wong Luen Hei,61,1,27,2,1,1
1067,2,Chenghai Ye & family,79,1,23,4,1,1
1067,2,Zhu Xingming,56,1,27,2,1,3
1104,2,Jose Joao Abdalla Filho,77,1,20,0,0,1
1104,2,Juan Abello,81,1,8,0,0,1
1104,2,Suhail Bahwan,84,1,0,6,1,3
1104,2,Harindarpal Banga,72,1,26,0,1,3
1104,2,Henri Beaufour,57,1,14,4,0,3
1104,2,Andrei Bokarev,56,1,24,2,1,3
1104,2,Jack Cowin,80,1,17,5,1,1
1104,2,Glenn Dubin,65,1,28,0,1,3
1104,2,N. Murray Edwards,63,1,22,8,1,1
1104,2,"Frank Fertitta, III.",61,1,28,15,0,3
1104,2,Abhay Firodia,78,1,26,10,0,1
1104,2,Bruce Flatt,57,1,22,0,1,1
1104,2,Miguel Fluxa Rossello,84,1,8,12,0,1
1104,2,Robert Friedland,72,1,28,11,1,3
1104,2,Alexander Frolov,58,1,24,11,1,3
1104,2,Nadir Godrej,72,1,26,6,0,3
1104,2,Maggie Hardy,57,0,28,12,0,3
1104,2,Samvel Karapetyan,57,1,24,13,1,3
1104,2,Kei Hoi Pang,57,1,27,7,1,1
1104,2,Mustafa Rahmi Koc,92,1,10,6,0,3
1104,2,Yuri Kovalchuk & family,71,1,24,0,1,3
1104,2,Geoffrey Kwok,37,1,23,7,0,1
1104,2,Jonathan Kwok,31,1,23,7,0,3
1104,2,Hans Langer,71,1,25,2,1,3
1104,2,Frank Laukien,63,1,28,2,0,3
1104,2,Maritsa Lazari & family,78,0,19,7,1,1
1104,2,Angela Leong,62,0,23,7,0,1
1104,2,Li Zhongchu,59,1,27,1,1,1
1104,2,Liang Yunchao,54,1,27,5,1,1
1104,2,Vincent McMahon,77,1,28,15,1,3
1104,2,Patrice Motsepe,61,1,0,11,1,1
1104,2,Denis O'Brien,64,1,0,16,1,1
1104,2,Dan Olsson,76,1,15,6,0,2
1104,2,Yuji Otsuka,69,1,13,1,0,3
1104,2,Pan Dong,58,0,22,3,1,1
1104,2,Karsanbhai Patel,79,1,26,6,1,1
1104,2,Richard Peery,84,1,28,7,1,1
1104,2,Jeff Rothschild,68,1,28,1,1,1
1104,2,Salil Singhal,75,1,26,2,0,3
1104,2,Alexander Skorobogatko,55,1,24,14,1,3
1104,2,Evan Spiegel,32,1,28,1,1,1
1104,2,Glen Taylor,81,1,28,12,1,3
1104,2,Thomas Tull,52,1,28,9,1,3
1104,2,Bulat Utemuratov,65,1,0,11,1,1
1104,2,Gustav Magnar Witzoe,29,1,3,5,0,1
1104,2,Wong Man Li,58,1,23,2,1,1
1104,2,Guangming Wu,61,1,27,4,1,1
1164,2,Ben Ashkenazy,53,1,28,7,1,1
1164,2,Felix Baker,54,1,28,0,1,1
1164,2,Julian Baker,56,1,28,0,1,1
1164,2,David Baszucki,60,1,28,9,1,3
1164,2,Joesley Batista,51,1,20,5,0,1
1164,2,Wesley Batista,50,1,20,5,0,1
1164,2,Yvonne Bauer,46,0,25,9,0,1
1164,2,Miriam Baumann-Blocher,48,0,16,2,0,1
1164,2,Cen Junda,58,1,27,4,1,3
1164,2,Richard Chandler,64,1,0,0,0,3
1164,2,Chen Zhiping,47,1,27,2,1,1
1164,2,Fernando Chico Pardo,71,1,2,12,1,3
1164,2,Ray Davis,81,1,28,8,1,3
1164,2,Maria Del Pino,67,0,8,13,0,3
1164,2,Deng Weiming & family,54,1,27,2,1,1
1164,2,"John Dorrance, III.",79,1,0,5,0,1
1164,2,Carl Douglas,61,1,15,6,0,1
1164,2,Eric Douglas,54,1,15,6,0,1
1164,2,Fiona Geminder,58,0,17,2,0,1
1164,2,Stewart Horejsi & family,85,1,28,0,1,1
1164,2,Hou Juncheng,58,1,27,4,1,3
1164,2,Zhenda Huang & family,75,1,27,13,1,1
1164,2,Dmitry Kamenshchik,54,1,24,12,1,3
1164,2,Alicia Koplowitz,69,0,8,0,0,1
1164,2,Adam Kwok,40,1,23,7,0,3
1164,2,Henry Laufer,77,1,28,0,1,3
1164,2,Louis Le Duff,76,1,14,5,1,3
1164,2,Mark Leonard & family,66,1,22,1,1,3
1164,2,Li Guoqiang,59,1,27,10,1,1
1164,2,Li Yongxin,47,1,27,12,1,1
1164,2,Peter Lim,69,1,7,0,1,3
1164,2,Lu Weiding,52,1,27,6,0,1
1164,2,Sergio Mantegazza,95,1,16,12,1,1
1164,2,Hans Melchers,84,1,1,0,1,1
1164,2,C. Dean Metropoulos,76,1,28,5,1,1
1164,2,Hans Georg Naeder,61,1,25,2,0,2
1164,2,Falguni Nayar,60,0,26,3,1,1
1164,2,James Packer,55,1,17,0,0,1
1164,2,Alexander Ponomarenko,58,1,24,14,1,3
1164,2,Nicholas Pritzker,79,1,28,0,0,1
1164,2,Alejandro Santo Domingo,46,1,28,5,0,2
1164,2,Steven Sarowitz,57,1,28,1,1,1
1164,2,Maria-Elisabeth Schaeffler-Thumann,81,0,25,10,0,3
1164,2,Leonard Schleifer,70,1,28,4,1,3
1164,2,Dieter Schnabel,77,1,25,2,0,3
1164,2,Michael S. Smith,67,1,28,8,1,3
1164,2,Julia Thiele-Schuerhoff,51,0,25,2,0,1
1164,2,John Tyson & family,69,1,28,5,0,1
1164,2,Zhao Lixin,57,1,27,1,1,1
1164,2,Hongyi Zhou,52,1,27,1,1,3
1217,2,S. Daniel Abraham,98,1,28,5,1,3
1217,2,Bill Alfond,74,1,28,3,0,1
1217,2,Susan Alfond,77,0,28,3,0,1
1217,2,Ted Alfond,78,1,28,3,0,1
1217,2,Riley Bechtel & family,71,1,28,13,0,1
1217,2,Thor Bjorgolfsson,56,1,0,6,1,2
1217,2,Charles Bronfman,91,1,22,5,0,2
1217,2,Vivek Chand Burman,85,1,26,5,0,1
1217,2,Herb Chambers,81,1,28,10,1,3
1217,2,Cheng Yixiao,39,1,27,9,1,1
1217,2,Leon G. Cooperman,79,1,28,0,1,2
1217,2,Yadu Hari Dalmia & family,75,1,26,2,0,3
1217,2,Henry Davis,72,1,28,5,0,3
1217,2,Oleg Deripaska,55,1,24,11,1,3
1217,2,Sergey Dmitriev,57,1,0,1,1,1
1217,2,Joseph Edelman,67,1,28,0,1,1
1217,2,Sandeep Engineer,61,1,26,2,1,1
1217,2,Alceu Elias Feldmann & family,73,1,20,8,1,1
1217,2,Serge Godin,73,1,22,1,1,3
1217,2,Alec Gores,70,1,28,0,1,1
1217,2,Bill Haslam,64,1,28,3,0,3
1217,2,J. Tomilson Hill,74,1,28,0,1,1
1217,2,Jay-Z,53,1,28,9,1,3
1217,2,Baba Kalyani,74,1,26,10,0,2
1217,2,Saban Cemil Kazanci,62,1,10,8,0,0
1217,2,Brad Kelley,66,1,28,7,1,1
1217,2,Wolfgang Leitner,70,1,0,13,1,3
1217,2,Li Hongxin & family,70,1,27,2,1,1
1217,2,Lin Chen-hai,76,1,18,7,1,1
1217,2,Lu Yiwen,36,0,27,3,1,1
1217,2,Prayudh Mahagitsiri,77,1,9,5,0,3
1217,2,Willy Michel,76,1,16,4,1,2
1217,2,Lachhman Das Mittal,92,1,26,10,0,2
1217,2,Bobby Murphy,34,1,28,1,1,1
1217,2,Tomas Olivo Lopez,49,1,8,7,1,3
1217,2,Eren Ozmen,64,0,28,2,1,1
1217,2,John Pritzker,69,1,28,0,0,1
1217,2,Qiu Minxiu,77,0,27,1,1,2
1217,2,Ferit Faik Sahenk,59,1,10,6,0,3
1217,2,Wenrong Shen,77,1,27,11,1,3
1217,2,Yuzhu Shi,60,1,27,6,1,1
1217,2,Jeff Sutton,63,1,28,7,1,1
1217,2,"Henry Sy, Jr.",69,1,5,6,0,1
1217,2,Andrew Tan,71,1,5,6,1,1
1217,2,Arvind Tiku,53,1,26,8,1,3
1217,2,Byron Trott,64,1,28,0,1,3
1217,2,Donald Trump,76,1,28,7,0,1
1217,2,Peter Unger,78,1,25,10,1,3
1217,2,Roger Wang,74,1,28,3,1,1
1217,2,Oprah Winfrey,69,0,28,9,1,1
1217,2,Wu Zhigang & family,88,1,27,5,1,1
1217,2,Ye Guofu,45,1,27,3,1,0
1272,2,Brian Acton,51,1,28,1,1,1
1272,2,Abdulla Al Futtaim & family,83,1,0,10,0,1
1272,2,Edward Bass,77,1,28,8,0,2
1272,2,Koos Bekker,70,1,0,9,1,3
1272,2,Otto Philipp Braun,45,1,25,4,0,1
1272,2,Chen Tei-fu,74,1,18,3,1,1
1272,2,Abilio dos Santos Diniz,86,1,20,3,0,1
1272,2,Marcel Erni,58,1,16,0,1,1
1272,2,Doris Fisher,91,0,28,3,1,1
1272,2,Gerald Ford,78,1,28,0,1,1
1272,2,Bernard Fraisse & family,66,1,14,4,1,2
1272,2,Alfred Gantner,55,1,16,0,1,1
1272,2,Paul Gauselmann & family,88,1,25,17,1,1
1272,2,Mitchell Goldhar,61,1,22,7,1,1
1272,2,Peter Hargreaves,76,1,19,0,1,1
1272,2,Xuande Hua & family,79,1,27,4,1,1
1272,2,Kwek Leng Kee,68,1,7,6,0,3
1272,2,Catherine Lozick,77,0,28,2,0,3
1272,2,Kalanithi Maran,57,1,26,9,1,2
1272,2,Jed McCaleb,48,1,28,0,1,1
1272,2,Fatih Ozmen,65,1,28,2,1,1
1272,2,Tor Peterson,58,1,28,11,1,1
1272,2,Daniel Pritzker,63,1,28,0,0,1
1272,2,Jinxing Qi,61,1,27,7,1,3
1272,2,Qiu Jianping & family,61,1,27,2,1,3
1272,2,Rajan Raheja & family,68,1,26,6,0,2
1272,2,Matthias Reinhart,63,1,16,0,1,1
1272,2,Arnout Schuijff,55,1,1,1,1,1
1272,2,Hans Sy,67,1,5,6,0,1
1272,2,Herbert Sy,66,1,5,6,0,1
1272,2,Lucio Tan,88,1,5,6,1,3
1272,2,Tsai Ming-kai,72,1,18,1,1,1
1272,2,Ted Turner,84,1,28,9,0,3
1272,2,David Walentas,84,1,28,7,1,3
1272,2,Urs Wietlisbach,61,1,16,0,1,1
1272,2,Jerry Yang,54,1,28,1,1,1
1272,2,Yang Jianliang & family,53,1,27,2,1,1
1272,2,Yang Weidong & family,54,1,27,2,1,1
1272,2,Mortimer Zuckerman,85,1,28,7,1,1
1312,2,John Armitage,63,1,0,0,1,1
1312,2,Lee Bass,66,1,28,8,0,3
1312,2,John Bicket,43,1,28,1,1,3
1312,2,Sanjit Biswas,41,1,28,1,1,3
1312,2,Timothy Boyle,73,1,28,3,1,2
1312,2,Morris Chang,91,1,18,1,1,1
1312,2,Chao Teng-hsiung,78,1,18,7,1,1
1312,2,Chu Lam Yiu,53,0,23,2,1,2
1312,2,K. Dinesh,68,1,26,1,1,1
1312,2,James Duff,62,1,28,6,1,3
1312,2,Thomas Duff,66,1,28,6,1,3
1312,2,Daniel Ek,40,1,15,1,1,1
1312,2,John Fisher,61,1,28,3,0,1
1312,2,Georg Haub,61,1,25,3,0,3
1312,2,Erman Ilicak,55,1,10,13,1,2
1312,2,Justin Ishbia,45,1,28,0,0,3
1312,2,Long Jiang,49,1,27,1,1,3
1312,2,Bruce Karsh,67,1,28,0,1,3
1312,2,Bom Kim,44,1,28,1,1,1
1312,2,Lam Kong,58,1,27,4,1,1
1312,2,Stephen Lansdown,70,1,0,0,1,1
1312,2,Hua Li,45,1,27,0,1,3
1312,2,Lim Kok Thay,71,1,4,17,0,3
1312,2,Kishore Mariwala,88,1,26,5,0,1
1312,2,Clayton Mathile,82,1,28,5,1,2
1312,2,Mi Enhua,65,1,27,3,1,1
1312,2,Vadim Moshkovich,55,1,24,5,1,3
1312,2,David Murdock,99,1,28,5,1,2
1312,2,David Nahmad,75,1,0,3,1,3
1312,2,Lirio Parisotto,69,1,20,0,1,1
1312,2,Alberto Prada,69,1,21,3,0,3
1312,2,Marina Prada,77,0,21,3,0,3
1312,2,Filiz Sahenk,56,0,10,6,0,3
1312,2,Stephan Schmidheiny,75,1,16,0,0,2
1312,2,Alberto Siccardi & family,78,1,16,4,0,1
1312,2,Tang Yiu,89,1,23,3,1,1
1312,2,Tian Ming,69,1,27,1,1,3
1312,2,T.Y. Tsai,70,1,18,0,0,1
1312,2,Jayshree Ullal,62,0,28,1,1,3
1312,2,Georg von Opel,56,1,16,0,0,3
1312,2,Lang Walker,77,1,17,7,1,3
1312,2,Xicheng Wang & family,74,1,27,2,1,1
1312,2,Wang Zhenhua,61,1,27,7,1,1
1312,2,Paul-Heinz Wesjohann & family,79,1,25,5,1,1
1312,2,Xie Bingkun & family,56,1,27,3,1,3
1312,2,Xu Shugen,57,1,27,2,1,3
1312,2,Christoph Zeller,65,1,0,4,0,2
1312,2,Zhang Jingzhang & family,87,1,27,2,1,3
1368,2,George Argyros & family,86,1,28,7,1,1
1368,2,Brian Armstrong,40,1,28,0,1,1
1368,2,Albert Avdolyan,52,1,24,8,1,0
1368,2,Sezai Bacaksiz,73,1,10,6,1,3
1368,2,Aneel Bhusri,57,1,28,1,1,1
1368,2,Brett Blundy,63,1,17,3,1,2
1368,2,J. Hyatt Brown,85,1,28,0,0,1
1368,2,Chen Jinxia,55,0,27,0,0,1
1368,2,Chen Xueli,71,1,27,4,1,3
1368,2,Dermot Desmond,72,1,0,0,1,3
1368,2,Dong Wei,52,1,27,4,1,1
1368,2,Fu Guangming & family,69,1,27,5,1,3
1368,2,Noam Gottesman,61,1,28,0,1,1
1368,2,Jeffrey Gundlach,64,1,28,0,1,2
1368,2,Hao Hong,67,1,28,4,1,1
1368,2,Shmuel Harlap,78,1,12,10,0,3
1368,2,Hans-Werner Hector,83,1,25,1,1,1
1368,2,Lutz Mario Helmig & family,76,1,25,4,1,3
1368,2,Chulong Huang,64,1,22,7,1,1
1368,2,Thomas James,80,1,28,0,0,3
1368,2,James Jannard,73,1,28,3,1,1
1368,2,Willis Johnson,75,1,28,10,1,3
1368,2,Lai Shixian,48,1,27,3,1,3
1368,2,Chris Larsen,62,1,28,0,1,1
1368,2,Solomon Lew,78,1,17,3,1,1
1368,2,Liang Xinjun,55,1,27,6,1,2
1368,2,Harald Link,68,1,9,6,0,3
1368,2,Max Lytvyn,43,1,22,1,1,1
1368,2,Igor Makarov,60,1,0,8,1,3
1368,2,Howard Marks,76,1,28,0,1,2
1368,2,Charles Munger,99,1,28,0,1,1
1368,2,Adam Neumann,44,1,12,7,1,3
1368,2,Thi Phuong Thao Nguyen,52,0,0,6,1,1
1368,2,Ni Yongpei & family,71,1,27,5,1,1
1368,2,Heloise Pratt,60,0,17,2,0,1
1368,2,Qi Xiangdong,52,1,27,1,1,3
1368,2,Phillip T. (Terry) Ragon,73,1,28,1,1,3
1368,2,Prathap Reddy,91,1,26,4,1,1
1368,2,Jerry Reinsdorf,87,1,28,15,1,3
1368,2,Chad Richison,52,1,28,1,1,1
1368,2,"Karl Scheufele, III. & family",84,1,16,3,1,3
1368,2,Alice Schwartz,96,0,28,4,1,3
1368,2,Kavitark Ram Shriram,66,1,28,1,1,1
1368,2,William Stone,67,1,28,1,1,1
1368,2,Henry Swieca,65,1,28,0,1,3
1368,2,Harley Sy,63,1,5,6,0,1
1368,2,Teresita Sy-Coson,72,0,5,6,0,1
1368,2,Katsumi Tada,77,1,13,7,1,1
1368,2,Tang Jinkui & family,67,1,27,2,1,1
1368,2,Tang Xiao'ou,55,1,23,1,1,1
1368,2,Lottie Tham & family,73,0,15,3,0,1
1368,2,Shamsheer Vayalil,46,1,26,4,0,0
1368,2,Radha Vembu,50,0,26,1,0,3
1368,2,Wang Wenmo,66,1,27,3,1,3
1368,2,Wang Zhenghua,78,1,27,12,1,3
1368,2,Kai Wu,55,1,27,8,1,1
1368,2,Xu Yingzhuo,55,1,27,5,1,1
1368,2,Yeung Kin-man,59,1,23,2,1,1
1368,2,Huijiao Yu,57,1,27,14,1,1
1368,2,Oren Zeev,58,1,12,0,1,1
1368,2,Clayton Zekelman,54,1,22,2,0,3
1368,2,Zhao Fenggang,57,1,27,8,1,1
1434,2,Alex Beard,55,1,19,11,1,1
1434,2,Travis Boersma,52,1,28,5,1,1
1434,2,William Boyd & family,91,1,28,17,1,1
1434,2,Anand Burman,70,1,26,5,0,1
1434,2,Cao Ji,71,1,27,2,1,1
1434,2,Bruce Cheng,86,1,18,1,1,2
1434,2,Chi Yufeng,52,1,27,1,0,3
1434,2,Daniel Chiu,62,1,23,8,1,3
1434,2,Beda Diethelm,82,1,16,4,1,1
1434,2,Domenico Dolce,64,1,21,3,1,3
1434,2,Ralph Dommermuth,59,1,25,1,1,1
1434,2,Georgi Domuschiev,50,1,0,6,1,3
1434,2,Kiril Domuschiev,53,1,0,6,1,3
1434,2,Bob Ell,78,1,17,7,1,2
1434,2,Paul Foster,65,1,28,8,1,3
1434,2,Stefano Gabbana,60,1,21,3,1,3
1434,2,Xingjiang Gao,59,1,27,2,1,1
1434,2,Gordon Getty,89,1,28,8,0,2
1434,2,Dennis Gillings,78,1,19,4,1,2
1434,2,Harsh Goenka,65,1,26,6,0,2
1434,2,Sanjiv Goenka,62,1,26,6,0,1
1434,2,Jane Goldman,67,0,28,7,0,1
1434,2,Stein Erik Hagen,66,1,3,3,1,1
1434,2,Bahaa Hariri,56,1,0,7,0,2
1434,2,Hortensia Herrero,72,0,8,3,0,1
1434,2,Douglas Hsu,80,1,18,6,0,1
1434,2,Huang Min,49,1,27,2,1,3
1434,2,Jared Isaacman,40,1,28,1,1,3
1434,2,Eugene Kaspersky,57,1,24,1,1,3
1434,2,Artem Khachatryan,48,1,24,3,1,0
1434,2,Thomas Kwok,71,1,23,7,0,3
1434,2,Marc Lasry,62,1,28,0,1,3
1434,2,Christian Latouche & family,82,1,14,0,1,1
1434,2,Theodore Leonsis,67,1,28,15,1,3
1434,2,Lin Chang Su-O,82,0,18,7,0,1
1434,2,Liu Chengyu & family,60,1,27,2,1,3
1434,2,Sergey Lomakin,49,1,24,3,1,0
1434,2,Daniel Lubetzky,54,1,28,5,1,1
1434,2,Anand Mahindra,67,1,26,6,0,3
1434,2,Rafique Malik,72,1,26,3,0,3
1434,2,Katarina Martinson,41,0,15,6,0,3
1434,2,Kiran Mazumdar-Shaw,70,0,26,4,1,1
1434,2,Nirmal Minda,65,1,26,10,0,1
1434,2,Mu Rongjun,43,1,27,1,1,1
1434,2,Eugene Murtagh,80,1,0,2,1,1
1434,2,Alexander Nesis,60,1,24,0,1,3
1434,2,Zugen Ni,66,1,27,2,1,3
1434,2,Florentino Perez,76,1,8,13,1,3
1434,2,Victor Pinchuk,62,1,0,11,1,3
1434,2,Raveendran Byju,41,1,26,1,1,1
1434,2,P.P. Reddy,65,1,26,13,1,3
1434,2,Richard Saghian,41,1,28,3,1,3
1434,2,Shi Yifeng,49,1,27,4,1,3
1434,2,Thaksin Shinawatra,73,1,9,0,1,3
1434,2,Shu Ping,53,0,7,5,1,3
1434,2,Timothy Springer,75,1,28,4,1,2
1434,2,Venu Srinivasan,70,1,26,10,0,3
1434,2,Edward Stack,68,1,28,3,1,3
1434,2,Sun Mengquan & family,73,1,27,5,1,1
1434,2,Alexander Svetakov,55,1,24,0,1,1
1434,2,Torsten Toeller,56,1,25,3,1,1
1434,2,Hamdi Ulukaya,50,1,10,5,1,1
1434,2,Wang Linpeng,54,1,27,13,1,1
1434,2,Wei Ing-Chou,69,1,18,5,1,3
1434,2,Wei Yin-Chun,66,1,18,5,1,3
1434,2,Wei Yin-Heng,64,1,18,5,1,3
1434,2,Wei Ying-Chiao,68,1,18,5,1,3
1434,2,Elaine Wynn,80,0,28,17,1,3
1434,2,Xu Xudong & family,53,1,27,10,1,3
1434,2,Michael Ying,73,1,23,3,1,3
1434,2,Yu Qibing & family,57,1,27,2,1,1
1434,2,Yuan Fugen & family,72,1,27,2,1,3
1434,2,Zhang Ning & family,49,0,22,2,1,1
1434,2,Zhao Tao,57,1,7,4,0,1
1516,2,Anu Aga,80,0,26,13,0,3
1516,2,Mohamed Al Fayed,94,1,0,3,1,1
1516,2,Andrey Andreev,49,1,19,1,1,2
1516,2,Michael Ashcroft,77,1,19,0,1,1
1516,2,Pavel Baudis,62,1,0,1,1,1
1516,2,Cao Jianwei,44,1,27,2,1,2
1516,2,Huwen Chen,52,1,27,2,1,1
1516,2,Phongthep Chiaravanont,71,1,9,6,0,3
1516,2,Dou Zhenggang,69,1,27,6,1,1
1516,2,Maria Franca Fissolo,88,0,21,5,0,2
1516,2,William Franke,85,1,28,6,1,1
1516,2,Mario Germano Giuliani,51,1,16,4,0,1
1516,2,Amy Goldman Fowler,68,0,28,7,0,1
1516,2,John Hancock,47,1,17,11,0,1
1516,2,Hu Yangzhong,58,1,27,1,1,1
1516,2,Huang Dawen,62,1,23,2,1,1
1516,2,Huang Qiaoling,64,1,27,9,1,3
1516,2,Michael Jordan,60,1,28,15,1,3
1516,2,Diane Kemper,77,0,28,7,0,1
1516,2,Shlomo Kramer,57,1,12,1,1,1
1516,2,Heikki Kyostila,77,1,0,4,1,3
1516,2,Martin Lau,50,1,23,1,1,1
1516,2,Li Min,57,1,27,1,1,1
1516,2,Liang Rubo,40,1,27,1,1,1
1516,2,Liang Zhaoxian,58,1,27,2,0,1
1516,2,Lin Fanlian,61,1,27,8,1,1
1516,2,Aloke Lohia,64,1,26,2,0,1
1516,2,Bill Malhotra,73,1,22,7,1,3
1516,2,Alexander Mamut,63,1,24,0,1,1
1516,2,Craig McCaw,73,1,28,16,0,1
1516,2,Cunhui Nan,59,1,27,2,1,1
1516,2,Tengyun Nie & family,47,1,27,12,1,1
1516,2,Oei Hong Leong,75,1,7,0,0,3
1516,2,Clive Palmer,69,1,17,11,1,1
1516,2,Matthew Prince,48,1,28,1,1,1
1516,2,Linda Pritzker,69,0,28,12,0,2
1516,2,P.V. Krishna Reddy,53,1,26,13,1,3
1516,2,Bianca Rinehart,46,0,17,11,0,1
1516,2,Ginia Rinehart,36,0,17,11,0,1
1516,2,T. Denny Sanford,87,1,28,0,1,1
1516,2,Bhadresh Shah,71,1,26,2,1,3
1516,2,Zygmunt Solorz-Zak,66,1,0,9,1,1
1516,2,Sylvia Stroeher,67,0,25,3,0,2
1516,2,Otto Toto Sugiri,69,1,6,1,1,1
1516,2,Wichai Thongtang,76,1,9,0,1,2
1516,2,Ion Tiriac,83,1,0,0,1,3
1516,2,Hope Welker,37,0,17,11,0,1
1516,2,William Young,82,1,28,2,1,1
1516,2,Zhang Fan,57,1,27,1,1,1
1516,2,Shilong Zhang & family,57,1,27,1,1,1
1516,2,Zhang Wanzhen,73,1,27,2,1,1
1516,2,Hongfei Zhao,48,1,27,1,1,1
1516,2,Zhou Jian,46,1,27,8,1,1
1516,2,Zhu Yiwen & family,59,1,27,4,1,3
1575,1,Roberto Angelini Rossi,74,1,0,6,0,3
1575,1,Mika Anttonen,56,1,0,8,1,3
1575,1,Julio Bozano,87,1,20,0,1,1
1575,1,Nikolai Buinov,55,1,24,8,1,3
1575,1,Nicola Bulgari,82,1,21,3,0,2
1575,1,Jianxing Che,56,1,27,3,1,1
1575,1,Huxiong Chen,52,1,27,2,1,1
1575,1,Chen Zhisong,57,1,27,1,1,1
1575,1,Prathip Chiravanond,74,1,9,6,0,0
1575,1,Alexandra Daitch,60,0,28,5,0,1
1575,1,Sol Daurella,57,0,8,5,0,3
1575,1,James Dinan,63,1,28,0,1,2
1575,1,Dong Fan,53,1,27,4,1,1
1575,1,Bulent Eczacibasi,73,1,10,6,0,3
1575,1,Faruk Eczacibasi,68,1,10,6,0,3
1575,1,Eduardo Eurnekian,90,1,0,6,1,3
1575,1,Guo Zhenyu & family,59,1,22,3,1,1
1575,1,Surjit Kumar Gupta,81,1,26,2,0,3
1575,1,Caroline Hagen Kjos,39,0,3,6,0,1
1575,1,Roberto Hernandez Ramirez,81,1,2,0,1,2
1575,1,Reid Hoffman,55,1,28,1,1,1
1575,1,Hu Rongda & family,64,1,27,2,1,3
1575,1,"B. Wayne Hughes, Jr.",63,1,28,7,0,1
1575,1,Hui Wing Mau,72,1,23,7,1,1
1575,1,Scott Kapnick,64,1,28,0,1,3
1575,1,Richard Kayne,77,1,28,0,1,3
1575,1,Dominika Kulczyk,45,0,0,0,0,3
1575,1,Edward Lampert,60,1,28,0,1,3
1575,1,James Leprino,85,1,28,5,0,1
1575,1,David Lichtenstein,61,1,28,7,1,2
1575,1,Lin Dingqiang & family,56,1,23,7,1,2
1575,1,Sarah MacMillan,69,0,28,5,0,1
1575,1,Strive Masiyiwa,62,1,0,16,1,1
1575,1,Robert Miller,89,1,19,3,1,1
1575,1,Simon Nixon,55,1,19,1,1,3
1575,1,Kentaro Ogawa,74,1,13,5,1,3
1575,1,Ajay Parekh,65,1,26,2,0,1
1575,1,Narendrakumar Parekh,84,1,26,2,0,1
1575,1,Jennifer Pritzker,72,0,28,0,0,1
1575,1,G. Rajendran,80,1,26,3,1,3
1575,1,Ren Jianhua,66,1,27,2,1,1
1575,1,Larry Robbins,53,1,28,0,1,2
1575,1,Dwight Schar,81,1,28,13,1,2
1575,1,Qinxiang Shao,68,1,27,2,1,3
1575,1,Hua Shen,60,1,28,1,1,1
1575,1,Shi Wen-long,95,1,18,2,1,1
1575,1,Peter Sondakh,73,1,6,0,1,1
1575,1,Lucy Stitzer,63,0,28,5,0,1
1575,1,Elizabeth Sy,70,0,5,6,0,1
1575,1,Mehmet Sinan Tara,64,1,10,13,0,3
1575,1,Masateru Uno & family,76,1,13,3,1,1
1575,1,Vardis Vardinoyannis & family,90,1,0,8,1,3
1575,1,Jitendra Virwani,57,1,26,7,0,1
1575,1,Wang Chaobin,67,1,27,7,1,2
1575,1,Wang Ren-sheng,91,1,18,3,1,1
1575,1,Charlotte Colket Weber,80,0,28,5,0,3
1575,1,Xie Juhua & family,72,0,27,4,0,1
1575,1,Chuanhua Xu & family,88,1,27,2,1,1
1575,1,Zhang Hongwei,68,1,27,6,1,1
1575,1,Anita Zucker,71,0,28,2,0,3
1647,1,Cameron Adams,43,1,17,1,1,1
1647,1,Faisal Bin Qassim Al Thani,75,1,0,6,1,1
1647,1,Leslie Alexander,79,1,28,15,1,2
1647,1,Masaaki Arai,57,1,13,7,1,1
1647,1,Sabrina Benetton,49,0,21,3,0,3
1647,1,Sanjeev Bikhchandani,59,1,26,1,1,1
1647,1,O. Francis Biondi,58,1,28,0,1,2
1647,1,Alejandro Bulgheroni,78,1,0,8,0,1
1647,1,R.G. Chandramogan,74,1,26,5,1,1
1647,1,Binod Chaudhary,67,1,0,6,0,3
1647,1,Tim Cook,62,1,28,1,1,1
1647,1,Mark Coombs,62,1,19,0,1,2
1647,1,John de Mol,68,1,1,9,1,2
1647,1,D. Leopoldo Del Pino,60,1,8,13,0,1
1647,1,Diao Zhizhong,59,1,27,1,1,3
1647,1,Robert Duggan,78,1,28,4,1,1
1647,1,James France,78,1,28,15,0,2
1647,1,Phillip Frost,86,1,28,4,1,1
1647,1,Jayme Garfinkel & family,77,1,20,0,0,3
1647,1,Christopher Goldsbury,80,1,28,5,0,2
1647,1,Yusuf Hamied,86,1,26,4,0,1
1647,1,Brian Higgins,58,1,28,0,1,2
1647,1,Wei Huang,63,1,27,7,1,3
1647,1,Yintai Jiang & family,72,1,27,10,1,3
1647,1,Lei Jin,57,1,27,4,1,3
1647,1,Jin Lei & family,68,1,27,4,1,3
1647,1,Valentin Kipyatkov,46,1,0,1,1,1
1647,1,Koo Kwang-mo,45,1,11,6,0,3
1647,1,George Kurtz,52,1,28,1,1,1
1647,1,Joe Lacob,67,1,28,15,1,3
1647,1,Joe Lau,33,1,28,1,1,1
1647,1,Louise Lindh,43,0,15,6,0,3
1647,1,Luo Yangyong & family,47,1,27,11,1,1
1647,1,Joao Roberto Marinho,69,1,20,9,0,1
1647,1,Jose Roberto Marinho,67,1,20,9,0,1
1647,1,Roberto Irineu Marinho,75,1,20,9,0,1
1647,1,Gary Michelson,74,1,28,4,1,2
1647,1,Robert G. Miller,77,1,22,1,1,2
1647,1,David Mindus,51,1,15,7,1,1
1647,1,Mofatraj Munot,78,1,26,7,1,3
1647,1,Ezra Nahmad,77,1,0,0,0,3
1647,1,Satyanarayan Nuwal,70,1,26,2,1,3
1647,1,Nihat Ozdemir,72,1,10,6,1,1
1647,1,Benjamin Zhengmin Pan & family,53,1,27,1,1,1
1647,1,Pierre Karl Péladeau,61,1,22,9,0,2
1647,1,Ronald Perelman,80,1,28,0,1,1
1647,1,Olivier Pomel,46,1,14,1,1,1
1647,1,Krit Ratanarak,76,1,9,9,0,2
1647,1,Vinod Saraf,70,1,26,2,1,1
1647,1,Anatoly Sedykh,58,1,24,11,1,0
1647,1,Genhuo Shao,57,1,27,5,1,1
1647,1,Shen Xiqiang & family,75,1,27,8,1,1
1647,1,S.D. Shibulal,68,1,26,1,1,1
1647,1,Suh Kyung-bae,60,1,11,3,0,1
1647,1,Sze Man Bok,73,1,27,2,1,1
1647,1,Jim Thompson,83,1,28,14,1,3
1647,1,Tran Dinh Long,62,1,0,2,1,1
1647,1,Alan Trefler,67,1,28,1,1,1
1647,1,Riaz Valani,46,1,28,0,1,1
1647,1,Pieter van der Does,53,1,1,1,1,1
1647,1,Martin Viessmann,69,1,25,2,0,1
1647,1,Nikil Viswanathan,35,1,28,1,1,1
1647,1,Todd Wagner,62,1,28,9,1,1
1647,1,Evan Williams,51,1,28,1,1,1
1647,1,Kie Chie Wong,75,1,4,11,0,3
1647,1,Thomas Wu,72,1,18,0,0,1
1647,1,Wu Yingming,56,1,27,8,1,1
1647,1,Amy Wyss,52,0,28,4,0,1
1647,1,Yan Zhi,50,1,27,7,1,1
1647,1,Alan Zekelman,60,1,22,2,0,3
1647,1,Zhang Li,70,1,27,7,1,1
1725,1,Marc Andreessen,51,1,28,0,1,2
1725,1,Lesley Bamberger,57,1,1,7,0,3
1725,1,Bang Si-hyuk,50,1,11,9,1,1
1725,1,David Booth,77,1,28,0,1,2
1725,1,Jim Breyer,61,1,28,1,1,1
1725,1,Kommer Damen,79,1,1,2,0,1
1725,1,Carl DeSantis,83,1,28,5,1,3
1725,1,Marek Dospiva,53,1,0,0,1,3
1725,1,Keith Dunleavy & family,53,1,28,4,1,2
1725,1,John Elkann,47,1,21,0,0,1
1725,1,Francois Feuillet & family,74,1,14,10,0,1
1725,1,Yasuhiro Fukushima,75,1,13,9,1,1
1725,1,Mario Gabelli,81,1,28,0,1,1
1725,1,Rolf Gerling,68,1,25,0,0,2
1725,1,John Goff,67,1,28,7,1,3
1725,1,Alexandre Grendene Bartelle,73,1,20,3,1,1
1725,1,Gerry Harvey,83,1,17,3,1,1
1725,1,He Zhaoxi,49,1,27,1,1,2
1725,1,William Heinecke,73,1,9,7,1,2
1725,1,Jay Hennick,66,1,22,0,1,1
1725,1,Ilkka Herlin,64,1,0,2,0,3
1725,1,Asok Kumar Hiranandani,68,1,7,7,0,3
1725,1,Hal Jackman,90,1,22,0,1,1
1725,1,Keeree Kanjanapas,72,1,9,7,1,1
1725,1,Osman Kibar,52,1,28,4,1,1
1725,1,Kim Chang-soo,62,1,11,3,1,1
1725,1,Mustafa Kucuk,59,1,10,3,1,3
1725,1,Christopher Kwok,37,1,23,7,0,3
1725,1,Edward Kwok,42,1,23,7,0,3
1725,1,Lai Jianfa,53,1,27,14,1,3
1725,1,Lau Cho Kun,87,1,4,6,0,1
1725,1,Alexis Lê-Quôc,48,1,28,1,1,1
1725,1,Lei Jufang,70,0,27,4,1,1
1725,1,James Leininger,78,1,28,4,1,2
1725,1,Xuhui Li,54,0,27,5,1,1
1725,1,Jimmy John Liautaud,59,1,28,5,1,2
1725,1,Lin Lairong & family,54,1,27,11,1,1
1725,1,Duncan MacMillan,85,1,28,0,1,3
1725,1,Yusaku Maezawa,47,1,13,1,1,1
1725,1,Ilson Mateus & family,60,1,20,3,1,3
1725,1,Meng Qingshan & family,74,1,27,2,1,3
1725,1,Alberto Palatchi,73,1,8,3,1,2
1725,1,Mrudula Parekh,75,0,26,2,0,1
1725,1,Dragos Paval,56,1,0,3,1,3
1725,1,Jorge Perez,73,1,28,7,1,2
1725,1,Dmitry Pumpyansky,59,1,24,11,1,0
1725,1,Jinsheng Ren & family,60,1,27,4,1,3
1725,1,Brian Roberts,63,1,28,9,0,3
1725,1,"Joe Rogers, Jr.",76,1,28,5,0,1
1725,1,Ruan Shuilong & family,87,1,27,2,1,1
1725,1,Paul Saville,67,1,28,7,1,3
1725,1,Ivan Savvidis & family,64,1,24,6,1,3
1725,1,Keiichi Shibahara,58,1,13,4,1,3
1725,1,Rajju Shroff,89,1,26,2,1,1
1725,1,Sun Huaiqing & family,53,1,27,3,1,3
1725,1,Alain Taravella,75,1,14,7,1,1
1725,1,Jonathan Tisch,69,1,28,6,0,3
1725,1,Kenneth Tuchman,63,1,28,12,1,1
1725,1,Wang Chou-hsiong,82,1,18,2,1,1
1725,1,Wang Minwen,59,1,27,1,1,1
1725,1,Tom Werner,72,1,28,15,1,3
1725,1,Stephen Winn,76,1,28,7,1,2
1725,1,Ian Wood & family,80,1,19,8,0,2
1725,1,Wu Lanlan & family,49,0,27,2,1,1
1725,1,Xu Bingzhong,49,1,27,5,1,3
1725,1,Yang Xuegang,58,1,27,2,1,1
1725,1,Vladimir Yevtushenkov,74,1,24,16,1,2
1725,1,David Zalik,49,1,28,1,1,1
1725,1,Zhang Xiaojuan,53,0,27,14,1,1
1725,1,Zheng Xiaodong,59,1,27,2,1,1
1725,1,Zhong Ruonong & family,60,0,27,2,1,1
1804,1,Noubar Afeyan,60,1,28,4,1,1
1804,1,Syed Mokhtar AlBukhary,71,1,4,13,1,3
1804,1,"Herbert Allen, Jr. & family",83,1,28,0,0,2
1804,1,Clifford Asness,56,1,28,0,1,2
1804,1,Louis Bacon,66,1,28,0,1,2
1804,1,Bai Baokun,53,1,27,2,1,1
1804,1,Christian Birkenstock,50,1,25,3,0,1
1804,1,Josef Boquoi & family,89,1,25,5,1,1
1804,1,Chen Tianshi,38,1,27,1,1,2
1804,1,Chen Yung-tai,87,1,18,7,1,1
1804,1,Chey Tae-won,62,1,11,1,0,1
1804,1,Ivan Chrenko,55,1,0,7,1,1
1804,1,Robert Clark,64,1,28,13,1,2
1804,1,Jack Cockwell,82,1,22,0,1,1
1804,1,Tench Coxe,65,1,28,0,1,1
1804,1,Jim Crane,69,1,28,15,1,3
1804,1,Norbert Dentressangle,68,1,14,14,1,1
1804,1,Jamie Dimon,67,1,28,0,1,2
1804,1,Daniel Dines,51,1,0,1,1,1
1804,1,Alfredo Egydio Arruda Villela Filho,53,1,20,0,0,1
1804,1,Gary Fegel,49,1,16,11,1,2
1804,1,"William Foley, II.",78,1,28,0,1,3
1804,1,Richard Fortin,74,1,22,3,1,3
1804,1,Gao Yi & family,54,1,27,4,1,3
1804,1,Giammaria Giuliani,45,1,16,4,0,1
1804,1,Bill Gross,78,1,28,0,1,2
1804,1,Sue Gross,73,0,28,0,0,2
1804,1,Timothy Headington,72,1,28,8,0,3
1804,1,Ilona Herlin,58,0,0,2,0,3
1804,1,David Hoffmann,70,1,28,6,1,3
1804,1,Stanley Hubbard,89,1,28,9,0,1
1804,1,Hui Lin Chit,69,1,27,2,1,1
1804,1,Tianjiang Jia & family,60,1,27,11,1,1
1804,1,Zhaobai Jiang,59,1,27,7,1,1
1804,1,Sergei Katsiev,65,1,24,3,1,0
1804,1,Randal J. Kirk,69,1,28,4,1,2
1804,1,William Koch,82,1,28,8,0,2
1804,1,Pyotr Kondrashev,73,1,24,2,1,3
1804,1,Eiichi Kuriwada,76,1,13,14,1,1
1804,1,Robert Langer,74,1,28,4,1,2
1804,1,Anthony Langley,68,1,19,6,1,1
1804,1,Li Sze Lim,66,1,23,7,1,2
1804,1,Li Wa,57,1,23,7,1,1
1804,1,Li Weiwei,46,1,27,1,1,1
1804,1,Liang Qin & family,51,0,27,1,1,1
1804,1,Vincent Lo,75,1,23,7,0,2
1804,1,Terence (Terry) Matthews,80,1,22,16,1,2
1804,1,Jim McKelvey,57,1,28,1,1,1
1804,1,P.N.C. Menon,74,1,0,7,1,0
1804,1,Massimo Moratti,77,1,21,8,0,3
1804,1,Liora Ofer,69,0,12,0,0,1
1804,1,Stefan Pierer,66,1,0,10,1,3
1804,1,Andreas Pohl,58,1,25,0,0,3
1804,1,"Reinfried Pohl, Jr.",63,1,25,0,0,3
1804,1,Michael Polsky,74,1,28,8,1,3
1804,1,Francisco Jose Riberas Mera,58,1,8,2,0,3
1804,1,Juan Maria Riberas Mera,54,1,8,11,0,0
1804,1,Andres Santo Domingo,44,1,28,5,0,2
1804,1,Sathien Sathientham,68,1,9,5,1,2
1804,1,Shang Xiaobo & family,49,1,27,2,1,1
1804,1,Yuri Shefler,55,1,24,5,1,3
1804,1,Evgeny (Eugene) Shvidler,59,1,28,11,1,2
1804,1,Ryan Smith,44,1,28,1,1,2
1804,1,Zakhar Smushkin,61,1,24,6,1,0
1804,1,Peter Sperling,63,1,28,12,0,2
1804,1,Laurie Tisch,72,0,28,6,0,3
1804,1,Steven Tisch,74,1,28,6,0,3
1804,1,Michael Tojner,57,1,0,2,1,1
1804,1,August Troendle,67,1,28,4,1,3
1804,1,Sekar Vembu,51,1,26,1,1,3
1804,1,Chris Wallin,70,1,17,8,1,0
1804,1,Wang Changtian,57,1,27,9,1,1
1804,1,Ning Wang & family,36,1,27,9,1,1
1804,1,Scott Watterson,67,1,28,1,1,2
1804,1,Dan Wilks,66,1,28,8,1,3
1804,1,Anthony Wood,57,1,28,1,1,1
1804,1,Wu Ying,58,1,27,2,1,1
1804,1,Wu Yulan,53,0,27,4,1,1
1804,1,Zhongyi Wu,49,1,27,1,1,1
1804,1,Xiang Guangming & family,59,1,27,2,1,1
1804,1,Xue Xiangdong & family,64,1,27,1,1,1
1804,1,George Yancopoulos,63,1,28,4,1,3
1804,1,Steven Meng Yang & family,40,1,27,1,1,1
1804,1,Ye Fan & family,52,1,27,10,1,1
1804,1,Yi Dasheng,62,1,27,6,1,1
1804,1,Yu Lili,55,0,27,2,1,1
1804,1,Zeng Kaitian,48,1,27,1,1,1
1804,1,Zhang Xuexin & family,75,1,27,11,1,1
1804,1,Yubai Zhang,58,1,27,5,1,1
1804,1,Fredrik Österberg,52,1,15,17,1,3
1905,1,Aziz Akhannouch & family,62,1,0,6,0,1
1905,1,Hamdi Akin & family,68,1,10,6,1,2
1905,1,Nerio Alessandri,61,1,21,2,1,3
1905,1,Alexandra Andresen,26,0,3,6,0,3
1905,1,Katharina Andresen,27,0,3,6,0,3
1905,1,Patricia Angelini Rossi,68,0,0,6,0,3
1905,1,Mori Arkin,70,1,12,4,1,1
1905,1,Barbara Benetton,53,0,21,3,0,3
1905,1,Angela Bennett,79,0,17,11,0,3
1905,1,Zadik Bino & family,79,1,12,6,1,1
1905,1,Paolo Bulgari,85,1,21,3,0,2
1905,1,Saket Burman,46,1,19,5,0,1
1905,1,Ahmet Calik,65,1,10,6,1,2
1905,1,Safra Catz,61,0,28,1,1,2
1905,1,Chang Kuo-Hua,68,1,18,14,0,1
1905,1,Chu Jian,60,1,27,2,1,3
1905,1,Sandor Csanyi,70,1,0,6,1,3
1905,1,Ana Lucia de Mattos Barretto Villela,49,0,20,0,0,1
1905,1,Federico De Nora,55,1,21,2,0,1
1905,1,Bharat Desai,70,1,28,1,1,2
1905,1,Mohammed Dewji,47,1,0,6,0,2
1905,1,Egon Durban,49,1,28,0,1,2
1905,1,Fu Mingkang & family,60,1,27,2,1,1
1905,1,Alan Gerry,94,1,28,9,1,2
1905,1,Philippe Ginestet & family,69,1,14,3,1,1
1905,1,G. Gnanalingam,78,1,4,14,1,1
1905,1,Esther Grether,87,0,16,3,0,2
1905,1,Wei Gu,58,1,27,2,1,2
1905,1,Patrick Hanrahan,67,1,28,1,1,1
1905,1,Kenneth Hao,54,1,28,0,1,2
1905,1,Jaroslav Hascak & family,53,1,0,0,1,3
1905,1,He Zhenggang,69,1,27,2,1,1
1905,1,Niranjan Hiranandani,73,1,26,7,1,2
1905,1,Ho Hung Anh,52,1,0,0,1,1
1905,1,Archie Hwang,70,1,18,1,1,1
1905,1,Peter Jackson,61,1,0,9,1,2
1905,1,Stephen Jarislowsky,97,1,22,0,1,1
1905,1,Rajeev Juneja,57,1,26,4,1,3
1905,1,Ramesh Juneja,67,1,26,4,1,3
1905,1,Ke Xiping & family,62,1,27,6,1,2
1905,1,Kim Jun-ki,78,1,11,6,1,3
1905,1,Sidney Kimmel,95,1,28,3,1,2
1905,1,Jim Koch,73,1,28,5,1,1
1905,1,Spiro Latsis & family,76,1,0,6,0,0
1905,1,Peter Leibinger,56,1,25,2,0,1
1905,1,Regine Leibinger,60,0,25,2,0,1
1905,1,Nicola Leibinger-Kammueller,63,0,25,2,0,1
1905,1,Li Jianli,50,1,27,2,1,1
1905,1,Li Jiaquan,59,1,27,2,1,1
1905,1,Li Rucheng,71,1,27,3,1,1
1905,1,Li Shui-po,66,1,18,2,1,3
1905,1,Scott Lin,90,1,18,1,1,3
1905,1,Liu Xiucai & family,66,1,28,2,1,1
1905,1,Lu Zhongfang,80,0,27,10,1,1
1905,1,Lu Zongjun,59,1,27,14,1,1
1905,1,Youssef Mansour,77,1,0,6,1,2
1905,1,Bruce Mathieson,79,1,17,7,1,1
1905,1,Romano Minozzi,88,1,21,6,1,1
1905,1,Greg Mondre,48,1,28,0,1,2
1905,1,Mario Moretti Polegato & family,70,1,21,3,1,1
1905,1,Robert Mouawad,78,1,0,12,0,2
1905,1,Jerry Moyes & family,79,1,28,14,1,3
1905,1,John Ocampo,63,1,28,1,1,3
1905,1,Stefan Olsson,74,1,15,6,0,3
1905,1,Rubens Ometto Silveira Mello,73,1,20,8,0,1
1905,1,Nelson Peltz,80,1,28,0,1,1
1905,1,David Penaloza Alanis,49,1,2,13,0,3
1905,1,Karl-Johan Persson,48,1,15,3,0,2
1905,1,Mike Repole,55,1,28,5,1,2
1905,1,Duke Reyes,66,1,28,5,0,3
1905,1,Christopher Rokos,52,1,19,0,1,2
1905,1,Sheryl Sandberg,53,0,28,1,1,1
1905,1,Amnon Shashua,62,1,12,10,1,2
1905,1,Ben Silbermann,40,1,28,9,1,3
1905,1,Ron Sim,64,1,7,3,1,3
1905,1,Leonid Simanovsky,73,1,24,0,1,0
1905,1,Basudeo Singh,82,1,26,4,1,1
1905,1,Frank Slootman,64,1,28,1,1,1
1905,1,Terry Snow,79,1,17,7,1,3
1905,1,Axel Stawski,72,1,28,7,1,3
1905,1,Thomas Steyer,65,1,28,0,1,2
1905,1,Sergei Studennikov & family,56,1,24,3,1,0
1905,1,Su Suyu & family,74,0,27,7,1,1
1905,1,Kevin Systrom,39,1,28,1,1,2
1905,1,Tang Binsen,40,1,27,5,1,2
1905,1,Prachak Tangkaravakoon,79,1,9,2,1,3
1905,1,Jeff Tangney,50,1,28,4,1,1
1905,1,Yuequn Tao,63,1,27,3,1,1
1905,1,David Teoh,67,1,17,16,1,1
1905,1,Tran Ba Duong & family,63,1,0,10,1,1
1905,1,Kenny Troutt,75,1,28,16,1,2
1905,1,Jens von Bahr,52,1,15,17,1,3
1905,1,Wang Junmin,54,1,27,4,1,3
1905,1,Weng Xianding,61,1,27,4,1,3
1905,1,Farris Wilks,71,1,28,8,1,3
1905,1,Gordon Wu,87,1,23,7,1,1
1905,1,Xiong Wu,47,1,27,1,1,2
1905,1,Xu Zhihan,50,1,27,1,1,1
1905,1,Tingdong Yang,62,1,27,5,1,1
1905,1,Michael Minhong Yu,61,1,27,12,1,0
1905,1,Zhang Bangxin,43,1,27,12,1,0
1905,1,Zhou Zongwen & family,66,1,27,3,1,1
2020,1,Antti Aarnio-Wihuri,83,1,0,6,0,1
2020,1,Alberto Alcocer,80,1,8,0,1,3
2020,1,Nigel Austin,52,1,17,3,1,1
2020,1,Binny Bansal,40,1,26,1,1,3
2020,1,Girdhari Lal Bawri,75,1,26,4,1,1
2020,1,John Bloor,79,1,19,6,1,1
2020,1,Vladimir Bogdanov,71,1,24,8,1,0
2020,1,Amit Burman,53,1,26,5,0,1
2020,1,Steve Case,64,1,28,1,1,1
2020,1,Chen Wenyuan & family,55,1,27,1,1,2
2020,1,Chua Thian Poh,74,1,7,7,1,3
2020,1,Sasson Dayan & family,83,1,20,0,1,3
2020,1,John Farber,97,1,28,2,1,1
2020,1,J. Christopher Flowers,65,1,28,0,1,3
2020,1,Reinold Geiger,75,1,0,3,1,1
2020,1,Ali Ghodsi,44,1,15,1,1,1
2020,1,Lance Gokongwei,55,1,5,6,0,1
2020,1,Guan Yihong,53,1,27,5,1,3
2020,1,Rajinder Gupta,64,1,26,2,1,1
2020,1,Torstein Hagen,80,1,3,12,1,1
2020,1,Ayman Hariri,44,1,0,13,0,2
2020,1,Alfredo Harp Helu & family,79,1,2,0,1,3
2020,1,He Xiaopeng,45,1,27,10,1,1
2020,1,Christoph Henkel,65,1,25,3,0,2
2020,1,Daniel Hirschfeld,81,1,28,3,0,2
2020,1,Drew Houston,40,1,28,1,1,1
2020,1,Huang Jinxiang & family,58,1,27,2,1,3
2020,1,Rameshchandra Jain,74,1,26,2,1,3
2020,1,Ke Zunhong & family,68,1,27,4,1,1
2020,1,Kim Taek-jin,56,1,11,9,1,1
2020,1,Koh Wee Meng,59,1,7,7,1,3
2020,1,Sergei Kolesnikov,51,1,24,2,1,3
2020,1,Hemendra Kothari,76,1,26,0,0,1
2020,1,Kwek Leng Peck,67,1,7,6,0,3
2020,1,Raymond Kwok,69,1,23,7,0,3
2020,1,Lee Ho-jin,60,1,11,6,0,3
2020,1,Michael Lee-Chin,72,1,22,0,1,1
2020,1,Manfredi Lefebvre d'Ovidio & family,69,1,21,12,0,1
2020,1,Bernard Lewis & family,97,1,19,3,1,3
2020,1,William Li,48,1,27,10,1,1
2020,1,Jenny Lindén Urnes,52,0,15,2,0,2
2020,1,Liu Fangyi,53,1,27,4,1,1
2020,1,K.C. Liu,69,1,18,1,1,1
2020,1,Liu Ming Chung,60,1,20,2,1,1
2020,1,Anatoly Lomakin,70,1,24,11,1,2
2020,1,Brandt Louie,79,1,22,5,0,1
2020,1,Gary Magness,69,1,28,9,0,2
2020,1,Mao Lixiang & family,82,1,27,1,1,1
2020,1,David McMurtry,82,1,19,2,1,1
2020,1,Deepak Mehta,66,1,26,2,0,1
2020,1,Miao Shouliang,68,1,27,7,1,1
2020,1,Miao Yongjun,55,1,27,4,1,3
2020,1,Yoshiko Mori,82,0,13,7,0,3
2020,1,Marius Nacht,57,1,12,1,1,2
2020,1,Vadim Novinsky,59,1,0,11,1,3
2020,1,Niti Osathanugrah,49,1,9,0,0,1
2020,1,Gretel Packer,57,0,17,0,0,1
2020,1,David Paul,56,1,28,4,1,1
2020,1,Tom Persson,38,1,15,3,0,1
2020,1,Qian Jinghong,50,0,27,10,1,0
2020,1,Qin Long,57,1,27,2,1,1
2020,1,M.Satyanarayana Reddy,65,1,26,4,1,1
2020,1,Mochtar Riady & family,93,1,6,6,1,1
2020,1,Rihanna,35,0,0,3,1,1
2020,1,Boris Rotenberg,66,1,24,13,1,3
2020,1,Subhash Runwal,79,1,26,7,1,2
2020,1,Igor Rybakov,50,1,24,2,1,3
2020,1,Carlos Sanchez,61,1,20,4,0,2
2020,1,Martin Selig,85,1,28,7,1,2
2020,1,Airat Shaimiev,61,1,24,8,1,3
2020,1,Radik Shaimiev,58,1,24,8,1,3
2020,1,Nobutoshi Shimamura,97,1,13,3,1,3
2020,1,Jared Smith,48,1,28,1,1,2
2020,1,Charlotte Soderstrom,46,0,15,3,0,1
2020,1,Anand Surana,52,1,26,4,0,1
2020,1,Dilip Surana,57,1,26,4,0,1
2020,1,Wilma Tisch,95,0,28,0,0,1
2020,1,Jianyi Wang,60,1,27,1,1,3
2020,1,Wang Jilei,58,1,27,14,1,3
2020,1,Shuifu Wang,68,1,27,2,1,1
2020,1,Wang Yanqing & family,76,0,27,2,0,1
2020,1,Wang Zelong,26,1,27,11,0,1
2020,1,Werner O. Weber,84,1,16,2,1,2
2020,1,Anne Werninghaus,37,0,20,2,0,3
2020,1,"Alfred West, Jr.",80,1,28,0,1,3
2020,1,Bo Wu,68,1,27,2,1,2
2020,1,Wu Chaoqun,53,1,27,2,1,3
2020,1,Swift Xie,43,1,27,1,1,2
2020,1,Xu Guozhong & family,59,1,27,2,1,1
2020,1,Yao Kuizhang,58,1,27,5,1,1
2020,1,Yu Peidi,63,1,23,7,1,1
2020,1,Yuan Liping,52,0,22,4,0,1
2020,1,Zhang Chuanwei & family,60,1,27,2,1,1
2020,1,Zhang Keqiang,62,1,27,7,1,1
2020,1,Xinghai Zhang & family,60,1,27,2,1,1
2020,1,Zheng Jianjiang & family,62,1,27,2,1,1
2020,1,Zhong Sheng Jian,65,1,7,7,1,1
2020,1,Zhou Chengjian,57,1,27,3,1,1
2020,1,Boris Zingarevich,63,1,24,6,1,0
2133,1,A. Jayson Adair,53,1,28,10,1,3
2133,1,Soegiarto Adikoesoemo,85,1,6,14,1,0
2133,1,Rajendra Agarwal,64,1,26,4,1,1
2133,1,Chirayu Amin,76,1,26,4,0,1
2133,1,Anant Asavabhokhin,72,1,9,7,1,2
2133,1,Roman Avdeev,55,1,24,0,1,0
2133,1,Ziv Aviram,64,1,12,10,1,1
2133,1,Sachin Bansal,41,1,26,3,1,2
2133,1,Kiki Barki,83,1,6,8,1,1
2133,1,Elena Baturina,60,0,24,13,1,1
2133,1,Banwari Lal Bawri,70,1,26,4,1,1
2133,1,Othman Benjelloun & family,90,1,0,0,0,2
2133,1,Hari Bhartia,66,1,26,6,0,1
2133,1,Shyam Bhartia,70,1,26,4,0,1
2133,1,Stewart Butterfield,50,1,22,1,1,1
2133,1,Cai Mingtong,71,1,27,1,1,1
2133,1,Anthony Casalena,40,1,28,1,1,2
2133,1,Richard Chang,76,1,18,7,1,1
2133,1,Chen Xuehua,62,1,27,11,1,1
2133,1,Chin Jong Hwa,64,1,18,10,1,1
2133,1,Alberto Cortina,77,1,8,0,1,2
2133,1,Eduardo Costantini,76,1,0,7,1,1
2133,1,Wenjun Dai,54,1,27,5,1,1
2133,1,Anand Deshpande,60,1,26,1,1,2
2133,1,Aydin Dogan,86,1,10,9,1,3
2133,1,Weimin Du,59,1,27,4,1,1
2133,1,Philip Fayer,45,1,22,0,1,1
2133,1,Marvy Finger,87,1,28,7,1,2
2133,1,Simona Giorgetta,45,0,21,13,0,2
2133,1,He Zhiping,59,1,27,0,1,1
2133,1,Heikki Herlin,36,1,0,2,0,3
2133,1,Hoi Kin Hong,70,1,0,7,1,1
2133,1,Mitchell Jacobson,72,1,28,12,0,2
2133,1,Anurang Jain,61,1,26,2,1,1
2133,1,Jiang Guiting & family,64,1,27,2,1,2
2133,1,Jin Xin,56,1,27,2,1,1
2133,1,Conni Jonsson,62,1,15,0,1,1
2133,1,George Joseph,101,1,28,0,1,1
2133,1,Laurent Junique,57,1,14,1,1,3
2133,1,Zbigniew Juroszek & family,60,1,0,6,1,3
2133,1,Alexander Karp,55,1,28,1,1,3
2133,1,Seth Klarman,65,1,28,0,1,1
2133,1,Kagemasa Kozuki,82,1,13,1,1,1
2133,1,Michael Krasny,69,1,28,1,1,2
2133,1,Eduard Kucera,70,1,0,1,1,1
2133,1,Kristo Käärmann,42,1,0,0,1,3
2133,1,Gary Lauder,60,1,28,3,0,1
2133,1,Lee Hae-jin,55,1,11,1,1,1
2133,1,Art Levinson,73,1,28,6,1,1
2133,1,Li Denghai,73,1,27,5,1,1
2133,1,Fengluan Li,61,0,27,6,1,2
2133,1,Li Yongqing,58,1,27,2,1,1
2133,1,Li Zhigang,46,1,27,2,1,1
2133,1,Liu Gexin & family,71,1,27,4,1,0
2133,1,Lu Hongyan,45,1,27,9,1,3
2133,1,Lv Jianming,58,1,23,4,1,1
2133,1,Yasseen Mansour,61,1,0,6,1,3
2133,1,George Marcus,81,1,28,7,1,1
2133,1,Yves-Loic Martin,57,1,14,4,1,1
2133,1,Carsten Maschmeyer,63,1,25,0,1,3
2133,1,Martin Moller Nielsen,58,1,0,14,1,2
2133,1,Randal Nardone,67,1,28,0,1,2
2133,1,Nguyen Dang Quang,59,1,0,5,1,1
2133,1,Kazuo Okada,80,1,13,17,1,1
2133,1,George Pedersen & family,87,1,28,2,1,3
2133,1,Qu Miranda,38,0,27,3,1,1
2133,1,Jupally Rameshwar Rao,67,1,26,7,1,3
2133,1,G. M. Rao,72,1,26,14,1,1
2133,1,P.V. Ramprasad Reddy,65,1,26,4,1,1
2133,1,Satish Reddy,55,1,26,4,0,2
2133,1,Fernando Roig,75,1,8,3,0,1
2133,1,Igor Rotenberg,49,1,24,6,1,0
2133,1,Deniz Sahenk,77,0,10,6,0,2
2133,1,Nobutada Saji,77,1,13,5,0,3
2133,1,Hajime Satomi,81,1,13,17,1,2
2133,1,James Scapa,66,1,28,1,1,2
2133,1,Devi Shetty,70,1,26,4,1,3
2133,1,Albert Shigaboutdinov,70,1,24,6,1,2
2133,1,Fei Song,56,1,27,2,1,1
2133,1,Konstantin Strukov & family,64,1,24,11,1,0
2133,1,Rustem Sulteev,69,1,24,8,1,2
2133,1,Clemens Toennies,66,1,25,5,1,1
2133,1,Robert Toennies,44,1,25,5,0,1
2133,1,John Van Lieshout,77,1,17,7,1,1
2133,1,Pongsak Viddayakorn,89,1,9,4,1,3
2133,1,Wang Jianguo,63,1,27,3,1,1
2133,1,Junjin Wang,54,1,27,12,1,1
2133,1,Wang Mingwang,55,1,27,2,1,1
2133,1,Wei Lidong & family,47,1,27,1,1,1
2133,1,Myron Wentz,83,1,0,3,1,1
2133,1,Wu Xushun & family,74,1,27,6,1,1
2133,1,Xu Shaochun,60,1,27,1,1,1
2133,1,Yan Jane & family,53,0,27,1,1,3
2133,1,Zeng Chaoyi,54,1,27,2,1,2
2133,1,Peng Zhao,52,1,27,12,1,2
2133,1,Zhao Tongtong,56,0,22,12,1,0
2133,1,Kostyantin Zhevago,49,1,0,11,1,2
2259,1,Sanjay Agarwal,52,1,26,0,1,2
2259,1,Hamad bin Jassim bin Jaber Al Thani,63,1,0,0,0,2
2259,1,Joao Alves de Queiroz Filho,70,1,20,6,1,3
2259,1,Jose Maria Aristrain,60,1,8,11,0,2
2259,1,Tope Awotona,41,1,28,1,1,1
2259,1,Mehmet Aydinlar,66,1,10,4,1,1
2259,1,Danna Azrieli,55,0,12,7,0,1
2259,1,Naomi Azrieli,57,0,22,7,0,1
2259,1,Sharon Azrieli,62,0,22,7,0,1
2259,1,Bai Houshan,59,1,27,8,1,1
2259,1,Thomas Bailey,86,1,28,0,1,2
2259,1,Bernhard Braun-Luedicke,46,1,25,4,0,1
2259,1,Eva Maria Braun-Luedicke,36,0,25,4,0,1
2259,1,Friederike Braun-Luedicke,39,0,25,4,0,2
2259,1,Jeffrey Cheah,78,1,4,7,1,1
2259,1,Chen Xianbao & family,63,1,27,5,1,1
2259,1,Cheng Xianfeng,54,1,27,4,1,1
2259,1,Chung Yong-jin,54,1,11,3,0,1
2259,1,Darwin Deason,82,1,28,12,1,1
2259,1,Diego Della Valle,69,1,21,3,0,1
2259,1,Richard Desmond,71,1,19,9,1,1
2259,1,Ding Shui Po,52,1,27,3,0,1
2259,1,Sefik Yilmaz Dizdar,85,1,10,3,1,3
2259,1,Mathias Doepfner,60,1,25,9,0,1
2259,1,Jose Roberto Ermirio de Moraes,65,1,20,6,0,1
2259,1,Jose Ermirio de Moraes Neto,70,1,20,6,0,1
2259,1,Fang Hongbo,56,1,27,2,1,1
2259,1,David Feffer,66,1,20,2,0,1
2259,1,Gary Friedman,65,1,28,3,1,1
2259,1,Dan Gertler,49,1,12,11,0,2
2259,1,Balkrishan Goenka,56,1,26,2,1,1
2259,1,Lawrence Golub,63,1,28,0,1,2
2259,1,Fahed Hariri,42,1,0,13,0,2
2259,1,Richard Hayne,75,1,28,3,1,2
2259,1,Michael Heine,73,1,17,0,1,2
2259,1,Orion Hindawi,43,1,28,1,1,1
2259,1,Lawrence Ho,46,1,23,17,0,0
2259,1,Huang Guanlin,58,1,27,3,1,1
2259,1,Mohammed Ibrahim,76,1,19,16,1,2
2259,1,Shirley Kao,66,0,18,5,0,2
2259,1,Kim Kardashian,42,0,28,3,1,1
2259,1,Ke Guihua,57,1,27,2,1,3
2259,1,Ke Yunfeng & family,56,1,27,4,1,3
2259,1,Alexander Klyachin,55,1,24,7,1,0
2259,1,Suresh Krishna,86,1,26,10,0,3
2259,1,Guy Laliberté,63,1,22,9,1,2
2259,1,Li Guoqing,53,1,27,2,1,1
2259,1,Li Li,59,1,27,4,1,1
2259,1,Li Ruiqiang,43,1,27,4,1,1
2259,1,Zhen Li & family,59,1,27,2,1,1
2259,1,Guangwei Liang,59,1,27,2,1,1
2259,1,Liu Ming Hui,60,1,27,8,1,1
2259,1,Frederic Luddy,68,1,28,1,1,1
2259,1,"Cargill MacMillan, III.",63,1,28,5,0,1
2259,1,John MacMillan,73,1,28,5,0,1
2259,1,Martha MacMillan,71,0,28,5,0,1
2259,1,William MacMillan,68,1,28,5,0,1
2259,1,Keshub Mahindra,99,1,26,6,0,0
2259,1,Mao Zhongwu,60,1,27,2,1,1
2259,1,Jorge Mas,60,1,28,13,0,3
2259,1,Lorinc Meszaros,57,1,0,6,1,2
2259,1,Jeffrey Michael & family,66,1,28,1,1,3
2259,1,Alan Miller & family,85,1,28,4,1,1
2259,1,Neide Helena de Moraes,68,0,20,6,0,1
2259,1,Scott Nuttall,50,1,28,0,1,3
2259,1,Jonathan Oringer,48,1,28,1,1,1
2259,1,Vitaly Orlov,58,1,24,5,1,0
2259,1,Jose Isaac Peres & family,82,1,20,7,1,3
2259,1,Markus Persson,43,1,15,9,1,1
2259,1,Mark Pincus,57,1,28,1,1,1
2259,1,Murdaya Poo,82,1,6,6,0,2
2259,1,Forrest Preston,90,1,28,4,1,1
2259,1,Qian Ying,57,0,27,5,1,1
2259,1,Andrei Rappoport,59,1,24,0,1,2
2259,1,Thomas Sandell,62,1,15,0,1,1
2259,1,Dhruv Sawhney,78,1,26,13,0,3
2259,1,Gerald Schwartz,81,1,22,0,1,1
2259,1,Antonio Luiz Seabra,80,1,20,3,1,1
2259,1,Eric Ya Shen,52,1,27,1,1,0
2259,1,Alexander Sixt,43,1,25,10,0,1
2259,1,Konstantin Sixt,40,1,25,10,0,1
2259,1,Edwin Soeryadjaya,73,1,6,8,0,1
2259,1,Mike Speiser,52,1,28,1,1,3
2259,1,Marco Squinzi,51,1,21,13,0,1
2259,1,Veronica Squinzi,51,0,21,13,0,1
2259,1,Michael Steinhardt,82,1,28,0,1,2
2259,1,Ion Stoica,58,1,0,1,1,1
2259,1,Luc Tack,61,1,0,2,1,2
2259,1,Tony Tan Caktiong,70,1,5,5,1,1
2259,1,Xiuguo Tang,59,1,27,2,1,3
2259,1,Sam Tarascio,78,1,17,7,1,2
2259,1,Lina Tombolato,75,0,21,0,0,1
2259,1,Ching Bor Tung,60,1,27,2,1,1
2259,1,Joop van den Ende,81,1,1,9,1,1
2259,1,Ruben Vardanyan & family,54,1,0,0,1,0
2259,1,Sandro Veronesi & family,63,1,21,3,1,1
2259,1,Thongma Vijitpongpun,65,1,9,7,1,2
2259,1,Thomas von Koch,57,1,15,0,1,1
2259,1,Wang Xiaoshen,54,1,27,2,1,1
2259,1,J. Wayne Weaver,87,1,28,6,1,2
2259,1,Drorit Wertheim,67,0,12,5,0,1
2259,1,Cameron Winklevoss,41,1,28,0,1,1
2259,1,Tyler Winklevoss,41,1,28,0,1,1
2259,1,Wu Chung-yi,67,1,18,2,0,2
2259,1,Eugene Wu,77,1,18,0,0,1
2259,1,Wu Yonghua,52,1,27,3,1,3
2259,1,Xia Xinde,58,1,27,2,1,3
2259,1,Wenbo Xiang,60,1,27,2,1,1
2259,1,Xu Jin,58,1,27,5,1,1
2259,1,Xu Shijun & family,60,1,27,2,1,1
2259,1,Wanmao Xu,78,1,27,12,1,1
2259,1,Xu Yuejuan,61,0,27,2,1,1
2259,1,Vadim Yakunin,60,1,24,4,1,0
2259,1,Yang Yunyun,46,0,27,3,1,0
2259,1,Matei Zaharia,37,1,0,1,1,1
2259,1,Zan Shengda,60,1,27,6,1,1
2259,1,Zhang Xuezheng,47,1,27,1,1,1
2259,1,Zhang Yin,66,0,27,2,1,1
2259,1,Zhou Wen & family,58,1,27,2,1,3
2259,1,Zhu Xingliang,63,1,27,13,1,1
2405,1,Farkhad Akhmedov,67,1,24,8,1,1
2405,1,Sara Blakely,52,0,28,3,1,2
2405,1,Lloyd Blankfein,68,1,28,0,1,2
2405,1,Henadiy Boholyubov,61,1,0,6,1,2
2405,1,Stephane Bonvin,56,1,16,7,1,1
2405,1,Oleg Boyko,58,1,24,6,1,1
2405,1,Ryan Breslow,28,1,28,1,1,1
2405,1,Thomas Bruch,72,1,25,3,0,1
2405,1,Marina Budiman,61,0,6,1,1,1
2405,1,Pradip Burman,80,1,26,5,0,1
2405,1,Cao Kejian,60,1,27,2,1,2
2405,1,Giuliana Caprotti,82,0,21,5,0,1
2405,1,Marina Caprotti,45,0,21,5,0,1
2405,1,Chang Jing,40,1,27,1,1,1
2405,1,Chen Baohua,61,1,27,4,1,1
2405,1,Gang Chen,55,1,27,8,1,1
2405,1,Liying Chen,47,0,27,14,1,1
2405,1,Tony Chen,73,1,18,1,1,3
2405,1,Chen Xueling,55,0,27,2,1,1
2405,1,Cheng Lili,58,1,27,5,1,1
2405,1,Weili Dai,61,0,28,1,1,1
2405,1,Deng Yingzhong,72,1,27,2,1,1
2405,1,Shlomo Eliahu,87,1,12,0,1,1
2405,1,Henry Engelhardt,65,1,28,0,1,1
2405,1,Gabriel Escarrer,88,1,8,12,1,2
2405,1,Daniel Feffer,63,1,20,2,0,1
2405,1,Ruben Feffer,53,1,20,2,0,1
2405,1,Gleb Fetisov,56,1,24,16,1,1
2405,1,Paul Fireman,79,1,28,3,1,2
2405,1,Robert Fisher,69,1,28,3,0,1
2405,1,Bernd Freier,66,1,25,3,1,1
2405,1,Donald Friese,82,1,28,2,1,2
2405,1,Gan Zhongru,74,1,27,4,1,1
2405,1,Rahul Gautam,70,1,26,3,0,1
2405,1,David Golub,60,1,28,0,1,2
2405,1,Said Gutseriev,34,1,24,8,0,0
2405,1,Polys Haji-Ioannou,63,1,0,12,0,3
2405,1,He Zuxun,57,1,27,5,1,1
2405,1,David Hindawi,78,1,28,1,1,1
2405,1,Huang Shan,52,1,27,1,1,0
2405,1,Huang Xiaofen & family,61,0,27,1,1,1
2405,1,Hiroshi Ishibashi,76,1,13,10,0,3
2405,1,Masayuki Ishihara,74,1,13,17,0,0
2405,1,Chatchai Kaewbootta,71,1,9,0,1,1
2405,1,Jonas Kamprad,57,1,15,0,0,2
2405,1,Mathias Kamprad,53,1,15,0,0,2
2405,1,Peter Kamprad,59,1,15,0,0,2
2405,1,Sunjay Kapur,51,1,28,10,0,1
2405,1,Ali Metin Kazanci,88,1,10,8,1,0
2405,1,Kangbao Ke & family,60,1,27,4,1,3
2405,1,Carsten Koerl,58,1,25,15,1,1
2405,1,Koo Bon-sik,64,1,11,1,0,2
2405,1,Andrei Kosogov,62,1,24,8,1,1
2405,1,Yogesh Kothari,74,1,26,2,1,1
2405,1,Arvind Lal,73,1,26,4,0,1
2405,1,Manuel Lao Hernández,78,1,8,17,1,1
2405,1,Lee Joong-keun,82,1,11,13,1,1
2405,1,Nancy Lerner,62,0,28,0,0,2
2405,1,Norma Lerner,87,0,28,0,0,2
2405,1,Randolph Lerner,61,1,28,0,0,2
2405,1,Lin Zhijun,47,1,27,4,1,1
2405,1,Lin Zhixiong & family,49,1,27,4,1,1
2405,1,Jeffrey Lorberbaum,68,1,28,2,0,1
2405,1,Lu Rongfu,52,1,27,16,1,1
2405,1,Soichiro Minami,46,1,13,1,1,2
2405,1,Sjamsul Nursalim,81,1,6,10,0,0
2405,1,Adrian Paval,54,1,0,3,1,3
2405,1,Antonio Percassi,69,1,21,6,1,1
2405,1,Kevin Plank,50,1,28,3,1,1
2405,1,G.V. Prasad,62,1,26,4,0,3
2405,1,Pu Zhongjie & family,60,1,27,4,1,2
2405,1,Rao Wei & family,58,1,27,4,1,0
2405,1,Helena Revoredo,76,0,8,12,0,1
2405,1,Matthew Roszak,50,1,28,0,1,1
2405,1,Paul Sciarra,42,1,28,1,1,1
2405,1,Dean Solon,58,1,28,8,1,3
2405,1,Michael Spencer,67,1,19,0,1,2
2405,1,Joseph Steinberg,79,1,28,0,1,3
2405,1,Manny Stul,73,1,17,2,1,1
2405,1,Sun Hongjun,49,1,27,1,1,1
2405,1,Sun Weijie,59,1,27,2,1,1
2405,1,Sehat Sutardja,61,1,28,1,1,1
2405,1,Min-Liang Tan,45,1,7,9,1,0
2405,1,Tan Yu Yeh,52,1,4,3,1,1
2405,1,Vonnarat Tangkaravakoon,51,1,9,2,0,1
2405,1,Tung Ching Sai,58,1,27,2,1,1
2405,1,Arkady Volozh,59,1,24,1,1,0
2405,1,Peter-Alexander Wacker,71,1,25,2,0,3
2405,1,Wan Long,82,1,27,5,1,1
2405,1,Wang Han,35,1,27,6,0,1
2405,1,Lars Wingefors,46,1,15,9,1,1
2405,1,Allan Wong,73,1,23,2,1,2
2405,1,Horst Wortmann,81,1,25,3,1,1
2405,1,Wu Kaiting,53,1,23,16,1,1
2405,1,Wu Li-gann,82,1,18,2,1,1
2405,1,Wu Xiangdong,54,1,27,5,1,1
2405,1,Xiu Laigui,68,1,27,4,1,1
2405,1,Xue Jiping,72,1,27,16,1,1
2405,1,Yao Hsiao Tung,83,1,7,2,1,3
2405,1,Ye Qiongjiu,68,0,27,1,1,3
2405,1,Yanqiao Ye,53,1,27,5,1,1
2405,1,Yu Faxiang,51,1,27,9,1,1
2405,1,Zeng Chaolin,40,1,27,11,0,1
2405,1,Kapeng Zhang,58,1,27,13,1,3
2405,1,Zhang Xuansong,51,1,27,3,1,1
2405,1,Zhang Xuewu,48,1,27,5,1,0
2405,1,Zhu Yiming,50,1,27,1,1,1
2405,1,Zhu Zhaojiang,49,1,27,2,1,1
2405,1,Zhuo Jun,57,0,23,2,0,1
2540,1,Christian Angermayer,44,1,25,0,1,1
2540,1,Ryuji Arai,76,1,13,3,1,1
2540,1,Anna Maria Braun,44,0,25,4,0,1
2540,1,Johanna Braun,43,0,25,4,0,2
2540,1,Karl Friedrich Braun,40,1,25,4,0,2
2540,1,Ludwig Theodor Braun,33,1,25,4,0,1
2540,1,Ana Maria Brescia Cafferata,98,0,0,6,0,1
2540,1,Hideyuki Busujima,70,1,13,17,0,0
2540,1,Edouard Carmignac,75,1,14,0,1,1
2540,1,Chen Jiancheng,64,1,27,2,1,1
2540,1,Rui Chen,45,1,27,9,1,0
2540,1,Chen Shiliang,59,1,27,2,1,1
2540,1,Tianqiao Chen,49,1,27,1,1,1
2540,1,Yuantai Chen,55,1,27,8,1,1
2540,1,Cheng Antares,65,1,23,5,1,1
2540,1,Kochouseph Chittilappilly,72,1,26,2,1,0
2540,1,Pollyanna Chu,64,0,23,0,1,2
2540,1,Turgay Ciner,67,1,10,6,1,1
2540,1,Benoit Dageville,56,1,28,1,1,1
2540,1,Mark Dixon,63,1,19,7,1,1
2540,1,Feng Yuxia,58,0,27,4,1,1
2540,1,Benedicte Find,68,0,0,4,0,1
2540,1,William Fisher,66,1,28,3,0,1
2540,1,Gao Yunfeng,56,1,27,2,1,1
2540,1,Jianming Geng,60,1,27,7,1,1
2540,1,Sven Hagströmer,79,1,15,0,1,1
2540,1,Clelia Haji-Ioannou,52,0,0,12,0,0
2540,1,Stelios Haji-Ioannou,56,1,0,12,0,1
2540,1,Hang Hong,55,0,27,2,1,1
2540,1,He Yamin & family,66,1,27,2,1,1
2540,1,Hong Feng,46,1,27,1,1,1
2540,1,Hong Seok-joh,70,1,11,3,0,1
2540,1,Hu Gengxi & family,59,1,27,4,1,0
2540,1,Hedda im Brahm-Droege,68,0,25,0,1,1
2540,1,Johan Johannson,56,1,3,3,0,1
2540,1,Morris Kahn,93,1,12,1,1,2
2540,1,Ashok Kajaria,75,1,26,2,1,0
2540,1,Marcelo Kalim,53,1,20,0,1,2
2540,1,Ken Kendrick,79,1,28,15,1,2
2540,1,Kim Jung-woong,48,1,11,3,1,1
2540,1,Ihor Kolomoyskyy,60,1,12,6,1,2
2540,1,Kong Jian Min,55,1,27,7,1,1
2540,1,Koo Bon-neung,74,1,11,2,0,1
2540,1,Lev Kvetnoi,57,1,24,0,1,0
2540,1,Michiel Le Roux,73,1,0,0,1,1
2540,1,Li Wanqiang,45,1,27,1,1,1
2540,1,Liu Baolin,69,1,27,3,1,2
2540,1,Lu Yonghua & family,59,1,27,1,1,1
2540,1,Ma Xiuhui,52,0,27,2,1,1
2540,1,Apoorva Mehta,36,1,22,1,1,1
2540,1,Ulrike Meister,56,0,25,2,0,1
2540,1,Andrei Molchanov,51,1,24,13,1,0
2540,1,Tyler Perry,53,1,28,9,1,2
2540,1,George Sakellaris,76,1,28,8,1,1
2540,1,Eddy Kusnadi Sariaatmadja,69,1,6,9,1,1
2540,1,Neerja Sethi,68,0,28,1,1,2
2540,1,Scott Smith,73,1,28,1,1,1
2540,1,Petter Stordalen & family,60,1,3,12,1,1
2540,1,Sergei Sudarikov,51,1,24,0,1,0
2540,1,Murat Vargi,75,1,10,16,1,1
2540,1,Shigefumi Wada,70,1,13,1,1,2
2540,1,Wan Feng & family,54,1,27,4,1,0
2540,1,Wang Jianfeng & family,53,1,27,10,1,1
2540,1,V. Prem Watsa,72,1,22,0,1,0
2540,1,Wen Pengcheng & family,60,1,27,5,1,1
2540,1,Xu Gang,59,1,27,2,1,1
2540,1,Yan Junxu,53,1,27,2,1,1
2540,1,Yi Xianzhong & family,63,1,27,4,1,1
2540,1,Yu Rong,51,1,27,4,1,1
2540,1,"Richard Yuengling, Jr.",80,1,28,5,0,2
2540,1,Zhang Gongyun,60,1,27,2,1,0
2540,1,Zhang Guiping & family,71,1,27,7,1,1
2540,1,Inigo Zobel,66,1,5,6,0,0
